Image,Title,Url,Price
https://image.chewy.com/is/image/catalog/367853_MAIN._AC_SS120_V1657657428_.jpg,"True Acre Foods Medium Stuffed Bone Treats Meaty Middle Made with real Bacon, 12 count",https://www.chewy.com/true-acre-foods-medium-stuffed-bone/dp/394067,$7.99 
https://image.chewy.com/is/image/catalog/345787_MAIN._AC_SS120_V1636669901_.jpg,"Full Moon All Natural Human Grade Beef Savory Sticks Dog Treats, 14-oz bag",https://www.chewy.com/full-moon-all-natural-human-grade/dp/372021,$11.99 
https://image.chewy.com/is/image/catalog/100507_MAIN._AC_SS120_V1582655977_.jpg,"DentaLife Daily Oral Care Large Dental Dog Treats, 18 count",https://www.chewy.com/dentalife-daily-oral-care-large/dp/128035,$9.99 
https://image.chewy.com/is/image/catalog/103199_MAIN._AC_SS120_V1696521341_.jpg,"Premium Pork Chomps Roasted Twists Dog Treats, Large, 15 count",https://www.chewy.com/premium-pork-chomps-roasted-twists/dp/105430,$12.04 
https://image.chewy.com/is/image/catalog/309618_MAIN._AC_SS120_V1671644162_.jpg,"PetHonesty Hemp Calming Fresh Sticks Pumpkin-Peanut Butter Flavor Dog Dental Chews, 30 count",https://www.chewy.com/pethonesty-hemp-calming-fresh-sticks/dp/335921,$17.99 
https://image.chewy.com/is/image/catalog/654374_MAIN._AC_SS120_V1665524791_.jpg,"Bundle: Variety Pack - Blue Buffalo Health Bars Baked with Banana & Yogurt Dog Treats, Pumpkin ...",https://www.chewy.com/variety-pack-blue-buffalo-health-bars/dp/654310,$13.44 
https://image.chewy.com/is/image/catalog/99866_MAIN._AC_SS120_V1668735150_.jpg,"Milk-Bone Mini's Flavor Snacks Beef, Chicken & Bacon Flavored Biscuit Dog Treats, 36-oz tub",https://www.chewy.com/milk-bone-minis-flavor-snacks-beef/dp/127406,$11.48 
https://image.chewy.com/is/image/catalog/66878_MAIN._AC_SS120_V1571781484_.jpg,"Fruitables Crispy Bacon & Apple Flavor Dog Treats, 7-oz bag",https://www.chewy.com/fruitables-crispy-bacon-apple-flavor/dp/51819,$5.49 
https://image.chewy.com/is/image/catalog/47983_MAIN._AC_SS120_V1668735151_.jpg,"Milk-Bone Original Medium Biscuit Dog Treats, 10-lb box",https://www.chewy.com/milk-bone-original-medium-biscuit-dog/dp/29419,$14.98 
https://image.chewy.com/is/image/catalog/361890_MAIN._AC_SS120_V1641941206_.jpg,"Rachael Ray Nutrish Burger Bites, Beef Burger with Bison Grain-Free Dog Treats, 5-oz bag",https://www.chewy.com/rachael-ray-nutrish-burger-bites-beef/dp/135881,$5.49 
https://image.chewy.com/is/image/catalog/157268_MAIN._AC_SS120_V1695934358_.jpg,"Newman's Own Snack Sticks Chicken & Sweet Potato Recipe Grain-Free Dog Treats, 5-oz bag",https://www.chewy.com/newmans-own-snack-sticks-chicken/dp/184011,$4.09 
https://image.chewy.com/is/image/catalog/334470_MAIN._AC_SS120_V1635375078_.jpg,"Bil-Jac America's VetDogs Skin & Coat Dog Treats, 10-oz bag, bundle of 2",https://www.chewy.com/bil-jac-americas-vetdogs-skin-coat/dp/168881,$7.76 
https://image.chewy.com/is/image/catalog/64612_MAIN._AC_SS120_V1691601614_.jpg,"Blue Buffalo Blue Bits Tender Beef Recipe Soft-Moist Training Dog Treats, 4-oz bag",https://www.chewy.com/blue-buffalo-blue-bits-tender-beef/dp/49573,$4.98 
https://image.chewy.com/is/image/catalog/50345_MAIN._AC_SS120_V1578496398_.jpg,"Greenies Regular Dental Dog Treats, 36 count",https://www.chewy.com/greenies-regular-dental-dog-treats-36/dp/29177,$39.98 
https://image.chewy.com/is/image/catalog/79448_MAIN._AC_SS120_V1697828882_.jpg,"SmartBones Skin & Coat Care Chicken Chews Dog Treats, 16 pack",https://www.chewy.com/smartbones-skin-coat-care-chicken/dp/107280,$5.14 
https://image.chewy.com/is/image/catalog/99297_MAIN._AC_SS120_V1696520499_.jpg,"Premium Pork Chomps Munchy Sticks Dog Treats, 50 count",https://www.chewy.com/premium-pork-chomps-munchy-sticks-dog/dp/126848,$5.99 
https://image.chewy.com/is/image/catalog/144108_MAIN._AC_SS120_V1647901922_.jpg,"Zuke's Mini Naturals Pumpkins Turkey & Pumpkin Recipe Dog Treats, 5-oz bag",https://www.chewy.com/zukes-mini-naturals-pumpkins-turkey/dp/170973,$4.77 
https://image.chewy.com/is/image/catalog/165968_MAIN._AC_SS120_V1555615634_.jpg,"Purina Beneful Baked Delights Snackers with Apples, Carrots, Peas & Peanut Butter Dog Treats, 3...",https://www.chewy.com/purina-beneful-baked-delights/dp/127546,$10.88 
https://image.chewy.com/is/image/catalog/100004_MAIN._AC_SS120_V1631840786_.jpg,"Purina Beneful Baked Delights Hugs with Real Beef & Cheese Dog Treats, 8.5-oz bag",https://www.chewy.com/purina-beneful-baked-delights-hugs/dp/127544,$3.48 
https://image.chewy.com/is/image/catalog/166019_MAIN._AC_SS120_V1697829806_.jpg,"Good 'n' Fun Triple Flavor Wings Beef, Pork & Chicken Dog Chews, 12-oz bag",https://www.chewy.com/good-n-fun-triple-flavor-wings-beef/dp/129715,$9.80 
https://image.chewy.com/is/image/catalog/47978_MAIN._AC_SS120_V1668733398_.jpg,"Milk-Bone Original Large Biscuit Dog Treats, 10-lb box",https://www.chewy.com/milk-bone-original-large-biscuit-dog/dp/29416,$14.98 
https://image.chewy.com/is/image/catalog/50349_MAIN._AC_SS120_V1691505624_.jpg,"Greenies Teenie Dental Dog Treats, 130 count",https://chewy.ms.tagdelivery.com/click?id=0b8bf817-0c07-49f1-90f5-314201f9b04a&x=KWX6b_5X1LUN9DxfklHc4hnGksFKvB2gTlw9rEZ33gbmBWet1vDLvg2gVEErZb5PVN8EhXbHI-mbCj0JvO0zqxleFOl1UGbPZRt_1sXLKgxd7FJncy7w5I2RUmkRhUpa2Nepx4OzW3vctRvCszqxBvrZIT6uB6HB52uoB4sKop1zXEIbP3yD_tqW3qWtdxI8zhUyhqryjcGIdaNMJ7mwCFsV6EBc2FgLjH19fCP_3x4smvOv7eJfnGyP6uGN2EEnYy49IgNDVwpL6tN4ZtOIsJ4oG-_P7nIulZo8Dfnu6CkdTZdJrQTmlqIDD8oeByM2hGIDTtK_Arji2NuKNYdoFTQYdPCwAwLQCc3LTLORSjI-w6RHYoKCymN7B1PLXCGFVmfqmUJSPXRLk0VS3d_HRmCARe3ViAsa8LyTrVhVbunPBTxfbtsUrU6qZwGvvotBmoJSX5KcxmqZVC76J_ANF_6p09wnAqk8zcX8Ub7qwDI6u06xizfT7aHkOE_rltJkoMAjwPcQ5Uq-Ck2oKMhxKGL4zvJpTVvybDBK44-56jN384aO8eZHFj77fCejlOPw_8JQPrswAcW9k-MuWMtHwi7MnVYDy34XuztTXctV0xPIAaJ8pnMrTyWOS_ueT6okV3B99Qq8w0gNvhpw5NJK91NdLgoe7u93V4026l4MGJs%3D&pos=0&redirect=https://www.chewy.com/greenies-teenie-dental-dog-treats-130/dp/35512?adId=0b8bf817-0c07-49f1-90f5-314201f9b04a&adPayload=KWX6b_5X1LUN9DxfklHc4hnGksFKvB2gTlw9rEZ33gbmBWet1vDLvg2gVEErZb5PVN8EhXbHI-mbCj0JvO0zqxleFOl1UGbPZRt_1sXLKgxd7FJncy7w5I2RUmkRhUpa2Nepx4OzW3vctRvCszqxBvrZIT6uB6HB52uoB4sKop1zXEIbP3yD_tqW3qWtdxI8zhUyhqryjcGIdaNMJ7mwCFsV6EBc2FgLjH19fCP_3x4smvOv7eJfnGyP6uGN2EEnYy49IgNDVwpL6tN4ZtOIsJ4oG-_P7nIulZo8Dfnu6CkdTZdJrQTmlqIDD8oeByM2hGIDTtK_Arji2NuKNYdoFTQYdPCwAwLQCc3LTLORSjI-w6RHYoKCymN7B1PLXCGFVmfqmUJSPXRLk0VS3d_HRmCARe3ViAsa8LyTrVhVbunPBTxfbtsUrU6qZwGvvotBmoJSX5KcxmqZVC76J_ANF_6p09wnAqk8zcX8Ub7qwDI6u06xizfT7aHkOE_rltJkoMAjwPcQ5Uq-Ck2oKMhxKGL4zvJpTVvybDBK44-56jN384aO8eZHFj77fCejlOPw_8JQPrswAcW9k-MuWMtHwi7MnVYDy34XuztTXctV0xPIAaJ8pnMrTyWOS_ueT6okV3B99Qq8w0gNvhpw5NJK91NdLgoe7u93V4026l4MGJs%3D,$39.98 
https://image.chewy.com/is/image/catalog/50345_MAIN._AC_SS120_V1578496398_.jpg,"Greenies Regular Dental Dog Treats, 36 count",https://chewy.ms.tagdelivery.com/click?id=d8d37eac-96bb-4752-b198-bd369d2bfb9e&x=LqRtl1Odfgh6irvuP47qnU5FN1o5Wl3EIb5zD_aXUfAFlCeZHpOPEq7dTqbAlOuLAfgPMGbRlLNH2p51PSJaY05hRbbZqOGpgtKH7MC-r7NAvxLOGqHM2_xZGFrndfgHCIC1oXbqgiwTtBlx7kiZ2uMTipOaIrPKz1P4CATu9x27ynFcAdjK24ZVG3upp7KrqvaFWkR-NthJ_dUnrv_mb4Ew-Dz2QhFhyUasUzthUcg_8RHemuLHQPdsgFpiS39-_qpjgArm_AUcOv1KvDGIsIcTro94hWHEYxqO89_tobBe6G-abGjgcqqvOV03w-NZ8S9IOZfRySVhdyhJoT3fV4ROuFNmF0Kd3EFj1rUXk3kAo7Dd1hsJ5L4jyus3SYDTlTfsaCTTe5uSEoi6Y9o1V0OlIDrANFh3ryyefHH_shg1MSaZAWtbsqTsXR9KLPpZsop_XwvxA32dvLcVzmVPf7awjN79nt-YnMLaKCwAh1BjoAjjMOLD8G73eJ1-Q8sBL90OMLBNcrwLX2giV09o6EOmKgJGF6_dsvHF7EDLLzryGk3gBBcAfoS-9nkMCwSQxsj07OcjMb7YBzswwBckZNN6xaavtOuUC1tjumwPeoOJjmhpHLp4K5_CjyyCpr5AmmObi4VokQxj147VLu0p6KTFfwa_3q1f4RoNzFPv7zA%3D&pos=1&redirect=https://www.chewy.com/greenies-regular-dental-dog-treats-36/dp/35508?adId=d8d37eac-96bb-4752-b198-bd369d2bfb9e&adPayload=LqRtl1Odfgh6irvuP47qnU5FN1o5Wl3EIb5zD_aXUfAFlCeZHpOPEq7dTqbAlOuLAfgPMGbRlLNH2p51PSJaY05hRbbZqOGpgtKH7MC-r7NAvxLOGqHM2_xZGFrndfgHCIC1oXbqgiwTtBlx7kiZ2uMTipOaIrPKz1P4CATu9x27ynFcAdjK24ZVG3upp7KrqvaFWkR-NthJ_dUnrv_mb4Ew-Dz2QhFhyUasUzthUcg_8RHemuLHQPdsgFpiS39-_qpjgArm_AUcOv1KvDGIsIcTro94hWHEYxqO89_tobBe6G-abGjgcqqvOV03w-NZ8S9IOZfRySVhdyhJoT3fV4ROuFNmF0Kd3EFj1rUXk3kAo7Dd1hsJ5L4jyus3SYDTlTfsaCTTe5uSEoi6Y9o1V0OlIDrANFh3ryyefHH_shg1MSaZAWtbsqTsXR9KLPpZsop_XwvxA32dvLcVzmVPf7awjN79nt-YnMLaKCwAh1BjoAjjMOLD8G73eJ1-Q8sBL90OMLBNcrwLX2giV09o6EOmKgJGF6_dsvHF7EDLLzryGk3gBBcAfoS-9nkMCwSQxsj07OcjMb7YBzswwBckZNN6xaavtOuUC1tjumwPeoOJjmhpHLp4K5_CjyyCpr5AmmObi4VokQxj147VLu0p6KTFfwa_3q1f4RoNzFPv7zA%3D,$39.98 
https://image.chewy.com/is/image/catalog/139297_MAIN._AC_SS120_V1695677503_.jpg,"Beggin' Purina Beggin' Real Meat Fun Size Original with Bacon Flavored Dog Treats, 25-oz bag",https://chewy.ms.tagdelivery.com/click?id=19cea6ec-2851-4460-bb09-790b230b9810&x=6BLjSLoDznsx89d76_toJdbyLZcK2eD60qkqLY-ZGZ1PluacoUHiMUhtOwdNISs5l9C659MBTd67aVW_Yt4hx8mqdyemiA_B5wwPijxqArbKC1Ce99_mH1kNInWSGaihlOhzFmJxfXEwL1kuEEA6PCNJ2aH39_WXriSuV8F-5QLGviy296QhoxeLkmpOsno3mnILQMi7kC9jyN4CWkrmDP5Sah0ZIWKJ-Nb1hrwh2kYT3Pa9AFE_aEgghHNIjoVSBeJROl6fCKjTMnbuftGJhaGePiKQY_AQNxekpV4LZR3ipOxhWKm7Y3HeCrI6QNZAoHdZKJvxUjSYqHGzq_JRi6NJB0Qp_IsO-STDsMCZAzfpQoAL9GNofKM-ZN4yysyq2s11d2vinRmJ66xpT8ol893f51kz7TKN7hS1Gjkvhg6nB1E-wFkyrlnoqu6CeXQ7Sn7l3_BfSVuaSAldxoXlgVirCOj6sYKtnWtZGhiL6hWYy2IybOQM4_tHwg3gGlDzZYk-0pKwUavmTBVrtuMQ5AARI2Tz_qnDoapWaKPZXFQZ-oVK3rHrR5GIRwEod0k1z_7-6vQGz8FKwTLspUgqXhX7CQXnnvp5yG1H5QVyHtwfMm-mWU17-SEItvq6YirB&pos=2&redirect=https://www.chewy.com/purina-beggin-real-meat-fun-size/dp/166247?adId=19cea6ec-2851-4460-bb09-790b230b9810&adPayload=6BLjSLoDznsx89d76_toJdbyLZcK2eD60qkqLY-ZGZ1PluacoUHiMUhtOwdNISs5l9C659MBTd67aVW_Yt4hx8mqdyemiA_B5wwPijxqArbKC1Ce99_mH1kNInWSGaihlOhzFmJxfXEwL1kuEEA6PCNJ2aH39_WXriSuV8F-5QLGviy296QhoxeLkmpOsno3mnILQMi7kC9jyN4CWkrmDP5Sah0ZIWKJ-Nb1hrwh2kYT3Pa9AFE_aEgghHNIjoVSBeJROl6fCKjTMnbuftGJhaGePiKQY_AQNxekpV4LZR3ipOxhWKm7Y3HeCrI6QNZAoHdZKJvxUjSYqHGzq_JRi6NJB0Qp_IsO-STDsMCZAzfpQoAL9GNofKM-ZN4yysyq2s11d2vinRmJ66xpT8ol893f51kz7TKN7hS1Gjkvhg6nB1E-wFkyrlnoqu6CeXQ7Sn7l3_BfSVuaSAldxoXlgVirCOj6sYKtnWtZGhiL6hWYy2IybOQM4_tHwg3gGlDzZYk-0pKwUavmTBVrtuMQ5AARI2Tz_qnDoapWaKPZXFQZ-oVK3rHrR5GIRwEod0k1z_7-6vQGz8FKwTLspUgqXhX7CQXnnvp5yG1H5QVyHtwfMm-mWU17-SEItvq6YirB,$11.35 
https://image.chewy.com/is/image/catalog/213991_MAIN._AC_SS120_V1599057681_.jpg,"True Acre Foods Thick Cut Strips with Real Bacon and Beef Dog Treats, 25-oz bag",https://www.chewy.com/true-acre-foods-thick-cut-strips-real/dp/240564,$9.56 
https://image.chewy.com/is/image/catalog/200514_Main._AC_SS120_V1568824619_.jpg,"The Rawhide Express Natural Pressed Roll Dog Treat, 5-in",https://www.chewy.com/rawhide-express-natural-pressed-roll/dp/227141,$0.85 
https://image.chewy.com/is/image/catalog/139555_MAIN._AC_SS120_V1697809915_.jpg,"Healthfuls Sweet Potato & Chicken Wraps Dehydrated Dog Treats, 16-oz bag",https://www.chewy.com/healthfuls-sweet-potato-chicken-wraps/dp/166495,$10.95 
https://image.chewy.com/is/image/catalog/102878_MAIN._AC_SS120_V1663019342_.jpg,"Waggin' Train Chicken Jerky Tenders Limited Ingredient Dog Treats, 30-oz bag",https://www.chewy.com/waggin-train-chicken-jerky-tenders/dp/127746,$28.58 
https://image.chewy.com/is/image/catalog/110452_MAIN._AC_SS120_V1643393082_.jpg,"Nylabone Healthy Edibles WILD Antler Natural Long Lasting Venison Flavor Chewy Dog Treats, 2 co...",https://www.chewy.com/nylabone-healthy-edibles-wild-antler/dp/137818,$5.99 
https://image.chewy.com/is/image/catalog/84977_MAIN._AC_SS120_V1694179826_.jpg,"Blue Buffalo Health Bars Baked with Bacon, Egg & Cheese Dog Treats, 16-oz bag",https://www.chewy.com/blue-buffalo-health-bars-baked-bacon/dp/28836,$4.98 
https://image.chewy.com/is/image/catalog/280804_MAIN._AC_SS120_V1626205918_.jpg,"American Journey With Peanut Butter & Banana Grain-Free Soft-Baked Dog Treats, 8-oz bag",https://www.chewy.com/american-journey-peanut-butter-banana/dp/307190,$6.99 
https://image.chewy.com/is/image/catalog/181616_MAIN._AC_SS120_V1601530260_.jpg,"Plato Original Real Strips Salmon Recipe Dog Treats, 3-oz bag",https://www.chewy.com/plato-original-real-strips-salmon/dp/42048,$6.70 
https://image.chewy.com/is/image/catalog/98675_MAIN._AC_SS120_V1644920519_.jpg,"Merrick Power Bites Real Rabbit + Sweet Potato Recipe Grain-Free Soft & Chewy Dog Treats, 6-oz ...",https://chewy.ms.tagdelivery.com/click?id=a744c8af-0679-4513-b430-7ff145798198&x=lTIQXeOiJuV1-lLNrq0_RZXpyVGXYok9t32LQ2rxUpAGIC7MxdcF1DP4AxL3Iutwf7LqQLrwWnAveOSuYJG87YfYL4f8cyKRhkr6JmJYIzH_Ml2Ktt6gg0gKq1L3eoSH-fRTeFZXqpTcEAsl_ivQ4p8M1PwHw9dEK7W7k5NV1-oQx2aLQ6Q2B-R1kQ7XHATrevSTTiwkh0TyJrizJstbAa_dScjo_mTwnRNLlE5tjKPcBi2k82q04GdO5KPw2I3g97N7g8pzKMbX7Ke0r0UVQuXZBEBZ9w111CldJ68KzUaKF8KyRy4UmsmTDHXUu7Ds_IYqL_yP-I1kH1bizrmPLamegFJ5pX_klz9xd6JRSXfOZq2eGtJPaeuiWHmAtvTHq-7uUbXg8mliC7tIaraKY3l8RUzAAdWGUK-NsezlC3VhnYN2CH4EVog5ug_nztepDev90hoaz7McBOliJofJqEd5NFNkiKmEEXg6cQKbPDeISiO5XT-OqO3N2SvxsCMijiu6rdqCyPNwWjusCuJkKwRmeKcx35-Vum8XpBnLMUeP3-d85VUXcGlBp5LpHkxv0yHE3xnl9glgfbavl1xK-vNq_VCcGxlwif0qlbnL3ZMjLyUYpxcd7FCoqdstbJmz&pos=13&redirect=https://www.chewy.com/merrick-power-bites-real-rabbit-sweet/dp/126232?adId=a744c8af-0679-4513-b430-7ff145798198&adPayload=lTIQXeOiJuV1-lLNrq0_RZXpyVGXYok9t32LQ2rxUpAGIC7MxdcF1DP4AxL3Iutwf7LqQLrwWnAveOSuYJG87YfYL4f8cyKRhkr6JmJYIzH_Ml2Ktt6gg0gKq1L3eoSH-fRTeFZXqpTcEAsl_ivQ4p8M1PwHw9dEK7W7k5NV1-oQx2aLQ6Q2B-R1kQ7XHATrevSTTiwkh0TyJrizJstbAa_dScjo_mTwnRNLlE5tjKPcBi2k82q04GdO5KPw2I3g97N7g8pzKMbX7Ke0r0UVQuXZBEBZ9w111CldJ68KzUaKF8KyRy4UmsmTDHXUu7Ds_IYqL_yP-I1kH1bizrmPLamegFJ5pX_klz9xd6JRSXfOZq2eGtJPaeuiWHmAtvTHq-7uUbXg8mliC7tIaraKY3l8RUzAAdWGUK-NsezlC3VhnYN2CH4EVog5ug_nztepDev90hoaz7McBOliJofJqEd5NFNkiKmEEXg6cQKbPDeISiO5XT-OqO3N2SvxsCMijiu6rdqCyPNwWjusCuJkKwRmeKcx35-Vum8XpBnLMUeP3-d85VUXcGlBp5LpHkxv0yHE3xnl9glgfbavl1xK-vNq_VCcGxlwif0qlbnL3ZMjLyUYpxcd7FCoqdstbJmz,$7.98 
https://image.chewy.com/is/image/catalog/150641_MAIN._AC_SS120_V1617745652_.jpg,"Nature Gnaws Beef Tendon Chews 4 - 5-in Dog Treats, 12 count",https://chewy.ms.tagdelivery.com/click?id=9aee1233-0522-40fc-b7ae-1a8cf795d4b8&x=YfrHf5Jj221Mv-IpIl6X7mLJIzdFRslBBfKj_j-jmTkuRDiovvHu2sRk-L3y2jdJoFUL3PiwJdYMF7xnnNtALJsgM1VTvkX0Lgonl5ZiEcczrVi87BQbFBAw4i-wCB-wGuwkECNN6IlqJRpj7SerHbi-Ic8IcJ1RYGL3OIqzu_PzwScB3PDi97S2zLDLHO3NqEOCVsjLrGDoMTmXzAFHb0-Xucb1adksSkoZREiOZlTiw5rKLF3NFeDklGMPXQRlicj6HX2i-WpVoEw1x91mn6LY2xl5Z2CefLKooQwHMIfU7isgx-1MiQkzS5NA7c6jlm9x-zw8KvsPoLJmUQqlX-TanPsa67QkAP1ZLyuqu84c-A5dK-Vodqy5gCHzsOPxFIQ4CLlAhagXh4HUJPcy3J6yTia1cBn5OJZGM0oUS5L9QEpME9B6HQXrcAWa3xMtbnKRImQNbxei6b1RgWxfoQ7I625f_AxnijdXgcDjc9EUrPqFL4vElKTe7GTTIlhWLI6J8XCPgUu4Pm0qHE4BAZOe3__KOywgoP4p0WMo4VIdGRC0c5HOzpnYuwzhx1OU85uypY_EuLiumbxqcYri7sMt7idOhELgDyHBPimC10E-l_I6DxKAvOilfZZDuOcj&pos=14&redirect=https://www.chewy.com/nature-gnaws-beef-tendon-chews-4-5-in/dp/177440?adId=9aee1233-0522-40fc-b7ae-1a8cf795d4b8&adPayload=YfrHf5Jj221Mv-IpIl6X7mLJIzdFRslBBfKj_j-jmTkuRDiovvHu2sRk-L3y2jdJoFUL3PiwJdYMF7xnnNtALJsgM1VTvkX0Lgonl5ZiEcczrVi87BQbFBAw4i-wCB-wGuwkECNN6IlqJRpj7SerHbi-Ic8IcJ1RYGL3OIqzu_PzwScB3PDi97S2zLDLHO3NqEOCVsjLrGDoMTmXzAFHb0-Xucb1adksSkoZREiOZlTiw5rKLF3NFeDklGMPXQRlicj6HX2i-WpVoEw1x91mn6LY2xl5Z2CefLKooQwHMIfU7isgx-1MiQkzS5NA7c6jlm9x-zw8KvsPoLJmUQqlX-TanPsa67QkAP1ZLyuqu84c-A5dK-Vodqy5gCHzsOPxFIQ4CLlAhagXh4HUJPcy3J6yTia1cBn5OJZGM0oUS5L9QEpME9B6HQXrcAWa3xMtbnKRImQNbxei6b1RgWxfoQ7I625f_AxnijdXgcDjc9EUrPqFL4vElKTe7GTTIlhWLI6J8XCPgUu4Pm0qHE4BAZOe3__KOywgoP4p0WMo4VIdGRC0c5HOzpnYuwzhx1OU85uypY_EuLiumbxqcYri7sMt7idOhELgDyHBPimC10E-l_I6DxKAvOilfZZDuOcj,$17.99 
https://image.chewy.com/is/image/catalog/631198_MAIN._AC_SS120_V1691511824_.jpg,"Goody Box Halloween Dog Toys & Treats, Small/Medium",https://www.chewy.com/goody-box-halloween-dog-toys-treats/dp/631190,$21.99 
https://image.chewy.com/is/image/catalog/158321_Main._AC_SS120_V1555940651_.jpg,"Bones & Chews Pig Ear Chews Dog Treats, 1 count",https://www.chewy.com/bones-chews-pig-ear-chews-dog-treats/dp/137076,$3.14 
https://image.chewy.com/is/image/catalog/166014_MAIN._AC_SS120_V1634086711_.jpg,"Good 'n' Fun Triple Flavor Chews Beef, Pork & Chicken Twists Dog Chews, 70 count",https://www.chewy.com/good-n-fun-triple-flavor-chews-beef/dp/129709,$16.99 
https://image.chewy.com/is/image/catalog/99855_MAIN._AC_SS120_V1668733059_.jpg,"Milk-Bone GravyBones Small Biscuit Dog Treats, 19-oz box",https://www.chewy.com/milk-bone-gravybones-small-biscuit/dp/127396,$3.49 
https://image.chewy.com/is/image/catalog/50349_MAIN._AC_SS120_V1691505624_.jpg,"Greenies Teenie Dental Dog Treats, 130 count",https://www.chewy.com/greenies-teenie-dental-dog-treats-130/dp/29175,$39.98 
https://image.chewy.com/is/image/catalog/139297_MAIN._AC_SS120_V1695677503_.jpg,"Beggin' Purina Beggin' Real Meat Fun Size Original with Bacon Flavored Dog Treats, 25-oz bag",https://www.chewy.com/purina-beggin-real-meat-fun-size/dp/119682,$11.35 
https://image.chewy.com/is/image/catalog/181947_MAIN._AC_SS120_V1601516467_.jpg,"Bocce's Bakery Say Moo Beef & Cheddar Recipe Soft & Chewy Dog Treats, 6-oz bag",https://www.chewy.com/bocces-bakery-say-moo-beef-cheddar/dp/208615,$6.50 
https://image.chewy.com/is/image/catalog/631558_MAIN._AC_SS120_V1691702874_.jpg,"Blue Buffalo True Chews Premium Jerky Cuts Natural Chicken Dog Treats, 32-oz bag",https://www.chewy.com/blue-buffalo-true-chews-premium-jerky/dp/36533,$28.41 
https://image.chewy.com/is/image/catalog/334511_MAIN._AC_SS120_V1635387689_.jpg,"Rachael Ray Nutrish Soup Bones Chicken & Veggies Flavor Chews Dog Treats, 23.1-oz bag, bundle o...",https://www.chewy.com/rachael-ray-nutrish-soup-bones/dp/40471,$21.86 
https://image.chewy.com/is/catalog/105004_MAIN._AC_SS120_V1471460509_.jpg,"YoPup Chill Out Biscuits Dog Treats, 7-oz bag",https://www.chewy.com/yopup-chill-out-biscuits-dog-treats-7/dp/132476,$8.49 
https://image.chewy.com/is/catalog/86635_MAIN._AC_SS120_V1475094996_.jpg,Redbarn Medium Barky Bark Dog Treats,https://www.chewy.com/redbarn-medium-barky-bark-dog-treats/dp/114411,$1.19 
https://image.chewy.com/is/image/catalog/108761_MAIN._AC_SS120_V1660141641_.jpg,"Blue Dog Bakery Softies Peanut Butter Dog Treats, 16.2-oz box",https://www.chewy.com/blue-dog-bakery-softies-peanut-butter/dp/45626,$4.19 
