Title,Url,Image,Price
UGG Kids Tasman Chestnut,https://tiptopshoes.com/collections/girls/products/ugg-kids-tasman-chestnut,https://cdn.shopify.com/s/files/1/1974/6675/products/ugg-kids-tasman-chestnut-401974401013-577357_600x600.jpg?v=1635256022,$50.00
UGG Girl's Classic Ultra Mini Chestnut,https://tiptopshoes.com/collections/girls/products/ugg-girls-classic-ultra-mini-chestnut,https://cdn.shopify.com/s/files/1/1974/6675/products/ugg-girls-classic-ultra-mini-chestnut-1066386-798507_600x600.jpg?v=1659394607,$80.00
UGG Girl's Cozy II Chestnut,https://tiptopshoes.com/collections/girls/products/ugg-girls-cozy-ii-chestnut,https://cdn.shopify.com/s/files/1/1974/6675/products/ugg-girls-cozy-ii-chestnut-1052168-408688_600x600.jpg?v=1636744162,$30.00
UGG Kid's Tazz Chestnut,https://tiptopshoes.com/collections/girls/products/ugg-kids-tazz-chestnut,https://cdn.shopify.com/s/files/1/1974/6675/products/ugg-kids-tazz-chestnut-1071311-tip-top-shoes-of-new-york-519151_600x600.jpg?v=1673550406,$89.95
Primigi Girl's (31-35) Black/Gold Star Gore-Tex Waterproof,https://tiptopshoes.com/collections/girls/products/primigi-girls-31-35-black-gold-star-gore-tex-waterproof,https://cdn.shopify.com/s/files/1/1974/6675/products/primigi-girls-31-35-blackgold-star-gore-tex-waterproof-1078201-tip-top-shoes-of-new-york-837871_600x600.jpg?v=1693291450,$119.95
Primigi Girl's (Sizes 32-35) Black Suede/Fur Gore-Tex Waterproof,https://tiptopshoes.com/collections/girls/products/primigi-girls-sizes-32-35-black-suede-fur-gore-tex-waterproof,https://cdn.shopify.com/s/files/1/1974/6675/products/primigi-girls-sizes-32-35-black-suedefur-gore-tex-waterproof-1078048-tip-top-shoes-of-new-york-192236_600x600.jpg?v=1693291452,$125.00
UGG Girl's Bailey Bow 2 Berry,https://tiptopshoes.com/collections/girls/products/ugg-girls-bailey-bow-2-berry,https://cdn.shopify.com/s/files/1/1974/6675/products/ugg-girls-bailey-bow-2-berry-1077406-tip-top-shoes-of-new-york-577843_600x600.jpg?v=1695806243,$90.00
UGG Girl's Classic Mini Platform Chestnut,https://tiptopshoes.com/collections/girls/products/ugg-girls-classic-mini-platform-chestnut,https://cdn.shopify.com/s/files/1/1974/6675/products/ugg-girls-classic-mini-platform-chestnut-1075989-tip-top-shoes-of-new-york-550388_600x600.jpg?v=1695806241,$99.00
UGG Girl's Classic Mini Chestnut,https://tiptopshoes.com/collections/girls/products/ugg-girls-classic-mini-chestnut,https://cdn.shopify.com/s/files/1/1974/6675/products/ugg-girls-classic-mini-chestnut-1075979-tip-top-shoes-of-new-york-389675_600x600.jpg?v=1695806241,$125.00
Birkenstock Girl's Arizona Gold EVA,https://tiptopshoes.com/collections/girls/products/birkenstock-girls-arizona-gold-eva,https://cdn.shopify.com/s/files/1/1974/6675/products/birkenstock-girls-arizona-gold-eva-1071450-tip-top-shoes-of-new-york-589103_600x600.jpg?v=1677684829,$34.95
Naturino Girl's (Sizes 27-32) Dellen Black Glitter/Fur Lined Waterproof,https://tiptopshoes.com/collections/girls/products/naturino-girls-sizes-27-32-dellen-black-glitter-fur-lined-waterproof,https://cdn.shopify.com/s/files/1/1974/6675/products/naturino-girls-sizes-27-32-dellen-black-glitterfur-lined-waterproof-1067754-346532_600x600.jpg?v=1663865958,$79.95
Sorel Girl's Flurry Red/White Polka Dot Waterproof,https://tiptopshoes.com/collections/girls/products/564786,https://cdn.shopify.com/s/files/1/1974/6675/products/sorel-girls-flurry-redwhite-polka-dot-waterproof-1063580-tip-top-shoes-of-new-york-746672_600x600.jpg?v=1669224940,$69.95
UGG Girl's Classic II Chestnut (Sizes 13-4),https://tiptopshoes.com/collections/girls/products/ugg-classic-chestnut-5,https://cdn.shopify.com/s/files/1/1974/6675/products/ugg-girls-classic-ii-chestnut-sizes-13-4-652018-207426_600x600.jpg?v=1635255982,$139.95
Hunter Original Kids' Six-Stitch Cable Boot Socks Greige,https://tiptopshoes.com/collections/girls/products/hunter-kids-dualcablegreig,https://cdn.shopify.com/s/files/1/1974/6675/products/hunter-original-kids-six-stitch-cable-boot-socks-greige-407949205013-806610_600x600.jpg?v=1635255113,$15.00
Sorel Girl's Flurry Waterproof Paisley Purple,https://tiptopshoes.com/collections/girls/products/sorel-girls-flurry-waterproof-paisley-purple,https://cdn.shopify.com/s/files/1/1974/6675/products/sorel-girls-flurry-waterproof-paisley-purple-692313-393413_600x600.jpg?v=1659485299,$69.95
Steve Madden Girl's JSugarr/Stud Belt,https://tiptopshoes.com/collections/girls/products/steve-madden-girls-jsugarr-stud-belt,https://cdn.shopify.com/s/files/1/1974/6675/products/steve-madden-girls-jsugarrstud-belt-1079754-tip-top-shoes-of-new-york-361647_600x600.jpg?v=1692742887,$69.95
Naturino Girl's (Sizes 30-32) Barnett Black Naplak,https://tiptopshoes.com/collections/girls/products/naturino-girls-sizes-30-32-barnett-black-naplak,https://cdn.shopify.com/s/files/1/1974/6675/products/naturino-girls-sizes-30-32-barnett-black-naplak-1078518-tip-top-shoes-of-new-york-640450_600x600.jpg?v=1699012334,$109.95
Naturino Girl's (Sizes 31-34) Frollik Gold Patent/Sparkle,https://tiptopshoes.com/collections/girls/products/naturino-girls-sizes-31-34-frollik-gold-patent-sparkle,https://cdn.shopify.com/s/files/1/1974/6675/products/naturino-girls-sizes-31-34-frollik-gold-patentsparkle-1078465-tip-top-shoes-of-new-york-989264_600x600.jpg?v=1694506883,$65.00
Primigi Girl's (Sizes 28-30) Navy/Purple Mid Gore-Tex Waterproof,https://tiptopshoes.com/collections/girls/products/primigi-girls-sizes-28-30-navy-purple-mid-gore-tex-waterproof,https://cdn.shopify.com/s/files/1/1974/6675/products/primigi-girls-sizes-28-30-navypurple-mid-gore-tex-waterproof-1078027-tip-top-shoes-of-new-york-688418_600x600.jpg?v=1695805634,$105.00
Old Soles Girl's Team-Star Titanium/Gunmetal,https://tiptopshoes.com/collections/girls/products/old-soles-girls-team-star-titanium-gunmetal,https://cdn.shopify.com/s/files/1/1974/6675/products/old-soles-girls-team-star-titaniumgunmetal-1077875-tip-top-shoes-of-new-york-769748_600x600.jpg?v=1693291284,$79.95
Nina Girl's Diana Navy Floral,https://tiptopshoes.com/collections/girls/products/nina-girls-diana-navy-floral,https://cdn.shopify.com/s/files/1/1974/6675/products/nina-girls-diana-navy-floral-1077785-tip-top-shoes-of-new-york-979973_600x600.jpg?v=1692395796,$65.00
Nina Girl's Michaela Silver Shimmer,https://tiptopshoes.com/collections/girls/products/nina-girls-michaela-silver-shimmer,https://cdn.shopify.com/s/files/1/1974/6675/products/nina-girls-michaela-silver-shimmer-1077758-tip-top-shoes-of-new-york-365163_600x600.jpg?v=1690836376,$59.95
UGG Girl's Sunburst Tall Grey,https://tiptopshoes.com/collections/girls/products/568921,https://cdn.shopify.com/s/files/1/1974/6675/products/ugg-girls-sunburst-tall-grey-1077480-tip-top-shoes-of-new-york-759562_600x600.jpg?v=1696932004,$189.95
UGG Girl's Classic Lilac Mauve,https://tiptopshoes.com/collections/girls/products/ugg-girls-classic-lilac-mauve,https://cdn.shopify.com/s/files/1/1974/6675/products/ugg-girls-classic-lilac-mauve-1077424-tip-top-shoes-of-new-york-949585_600x600.jpg?v=1695806242,$139.95
Geox Girl's (Sizes 28-33) Kalispera Pink Shimmer Mid Top,https://tiptopshoes.com/collections/girls/products/geox-girls-sizes-28-33-kalispera-pink-shimmer-mid-top,https://cdn.shopify.com/s/files/1/1974/6675/products/geox-girls-sizes-28-33-kalispera-pink-shimmer-mid-top-1077044-tip-top-shoes-of-new-york-757164_600x600.jpg?v=1692395111,$89.95
Naturino Girl's (Sizes 27-32) Hess Multi Glitz Pink Hi,https://tiptopshoes.com/collections/girls/products/naturino-girls-sizes-27-32-hess-multi-glitz-pink-hi,https://cdn.shopify.com/s/files/1/1974/6675/products/naturino-girls-sizes-27-32-hess-multi-glitz-pink-hi-1076125-tip-top-shoes-of-new-york-847860_600x600.jpg?v=1695805413,$60.00
Sorel Girl's Whitney Twilight Waterproof,https://tiptopshoes.com/collections/girls/products/sorel-girls-whitney-twilight-waterproof,https://cdn.shopify.com/s/files/1/1974/6675/products/sorel-girls-whitney-twilight-waterproof-1075246-tip-top-shoes-of-new-york-272989_600x600.jpg?v=1690490655,$79.95
Hunter Kid's Play Boot Black Waterproof,https://tiptopshoes.com/collections/girls/products/hunter-kids-play-boot-black-waterproof,https://cdn.shopify.com/s/files/1/1974/6675/products/hunter-kids-play-boot-black-waterproof-1074779-tip-top-shoes-of-new-york-236463_600x600.jpg?v=1669224295,$85.00
Old Soles Girl's All In High Top Pink,https://tiptopshoes.com/collections/girls/products/old-soles-girls-all-in-high-top-pink,https://cdn.shopify.com/s/files/1/1974/6675/products/old-soles-girls-all-in-high-top-pink-1074577-tip-top-shoes-of-new-york-459288_600x600.jpg?v=1676202149,$79.95
Naturino Girl's (Sizes 27-32) Varna Silver Flash Waterproof,https://tiptopshoes.com/collections/girls/products/naturino-girls-sizes-27-32-varna-silver-flash-waterproof,https://cdn.shopify.com/s/files/1/1974/6675/products/naturino-girls-sizes-27-32-varna-silver-flash-waterproof-1067718-363426_600x600.jpg?v=1663865958,$79.95
Naturino Girl's (Sizes 30-34) Pavia Black/Gold,https://tiptopshoes.com/collections/girls/products/naturino-girls-sizes-30-34-pavia-black-gold,https://cdn.shopify.com/s/files/1/1974/6675/products/naturino-girls-sizes-30-34-pavia-blackgold-1067471-956983_600x600.jpg?v=1663866024,$65.00
UGG Girl's Funkette Chestnut,https://tiptopshoes.com/collections/girls/products/ugg-girls-funkette-chestnut,https://cdn.shopify.com/s/files/1/1974/6675/products/ugg-girls-funkette-chestnut-1066232-tip-top-shoes-of-new-york-289697_600x600.jpg?v=1690664187,$85.00
UGG Girl's Classic II Chestnut (Sizes 5-6),https://tiptopshoes.com/collections/girls/products/ugg-classic-chestnut-6,https://cdn.shopify.com/s/files/1/1974/6675/products/ugg-girls-classic-ii-chestnut-sizes-5-6-652040-478285_600x600.jpg?v=1635255967,$139.95
Birkenstock Girl's Arizona Soft Pink Wool,https://tiptopshoes.com/collections/girls/products/birkenstock-girls-arizona-soft-pink-wool,https://cdn.shopify.com/s/files/1/1974/6675/products/birkenstock-girls-arizona-soft-pink-wool-1052123-996758_600x600.jpg?v=1635608012,$49.99
UGG Girl's Bailey Bow II Chestnut (Sizes 13-4),https://tiptopshoes.com/collections/girls/products/ugg-girls-bailey-bow-ii-chestnut-sizes-13-4,https://cdn.shopify.com/s/files/1/1974/6675/products/ugg-girls-bailey-bow-ii-chestnut-sizes-13-4-652725-863250_600x600.jpg?v=1635255965,$149.95
Hunter Original Kids Boot Socks Powder Blue,https://tiptopshoes.com/collections/girls/products/hunter-welsock-kids-ltblue,https://cdn.shopify.com/s/files/1/1974/6675/products/hunter-original-kids-boot-socks-powder-blue-404259103015-345035_600x600.jpg?v=1635255121,$25.00
Hunter Original Kids' Rain Boots Navy,https://tiptopshoes.com/collections/girls/products/hunter-org-navy-rubber,https://cdn.shopify.com/s/files/1/1974/6675/products/hunter-original-kids-rain-boots-navy-403492806011-547838_600x600.jpg?v=1653027113,$89.95
Hunter Original Kids Chelsea Boots Black,https://tiptopshoes.com/collections/girls/products/hunter-original-kids-chelsea-boots-black,https://cdn.shopify.com/s/files/1/1974/6675/products/hunter-original-kids-chelsea-boots-black-540464-334363_600x600.jpg?v=1635255108,$89.95
Hunter Original Kids Boot Socks Yellow,https://tiptopshoes.com/collections/girls/products/hunter-welsock-kids-yel,https://cdn.shopify.com/s/files/1/1974/6675/products/hunter-original-kids-boot-socks-yellow-586813-545725_600x600.jpg?v=1635255097,$25.00
Havaianas Kids Slim Frozen 2 Anna/Elsa,https://tiptopshoes.com/collections/girls/products/havaianas-kids-slim-frozen-2-anna-elsa,https://cdn.shopify.com/s/files/1/1974/6675/products/havaianas-kids-slim-frozen-2-annaelsa-960129-897712_600x600.jpg?v=1635255101,$20.00
Naturino Girl's Catania 62 Black Patent (Sizes 36-38),https://tiptopshoes.com/collections/girls/products/naturino-girls-catania-62-black-patent-sizes-36-38,https://cdn.shopify.com/s/files/1/1974/6675/products/naturino-girls-catania-62-black-patent-sizes-36-38-922540-694298_600x600.jpg?v=1635255392,$79.95
Naturino Girl's Catania 62 Black Patent (Sizes 33-35),https://tiptopshoes.com/collections/girls/products/naturino-girls-catania-62-black-patent-sizes-33-35,https://cdn.shopify.com/s/files/1/1974/6675/products/naturino-girls-catania-62-black-patent-sizes-33-35-922519-895786_600x600.jpg?v=1635255402,$75.00
Naturino Girl's Catania 62 Black Patent (Sizes 27-32),https://tiptopshoes.com/collections/girls/products/naturino-girls-catania-62-black-patent-sizes-27-32,https://cdn.shopify.com/s/files/1/1974/6675/products/naturino-girls-catania-62-black-patent-sizes-27-32-922498-403486_600x600.jpg?v=1635255386,$69.95
Naturino Girl's Catania 61 Black Leather (Sizes 36-38),https://tiptopshoes.com/collections/girls/products/naturino-girls-catania-61-black-leather-sizes-36-38,https://cdn.shopify.com/s/files/1/1974/6675/products/naturino-girls-catania-61-black-leather-sizes-36-38-922477-294655_600x600.jpg?v=1635255409,$85.00
Havaianas Kids Slim Oceano Navy,https://tiptopshoes.com/collections/girls/products/havaianas-kids-slim-oceano-navy,https://cdn.shopify.com/s/files/1/1974/6675/products/havaianas-kids-slim-oceano-navy-884363-974737_600x600.jpg?v=1635255111,$29.95
Havaianas Kids Fantasy Ice Blue Unicorn,https://tiptopshoes.com/collections/girls/products/havaianas-kids-fantasy-ice-blue-unicorn,https://cdn.shopify.com/s/files/1/1974/6675/products/havaianas-kids-fantasy-ice-blue-unicorn-884354-851126_600x600.jpg?v=1645904595,$32.00
Havaianas Girl's Slim Ballet Rose (Sizes 2728-3334),https://tiptopshoes.com/collections/girls/products/havaianas-girls-slim-ballet-rose-sizes-2728-3334,https://cdn.shopify.com/s/files/1/1974/6675/products/havaianas-girls-slim-ballet-rose-sizes-2728-3334-884311-846603_600x600.jpg?v=1635255116,$28.00
Primigi Girl's (28-30) Black/Gold Star Gore-Tex Waterproof,https://tiptopshoes.com/collections/girls/products/primigi-girls-28-30-black-gold-star-gore-tex-waterproof,https://cdn.shopify.com/s/files/1/1974/6675/products/primigi-girls-28-30-blackgold-star-gore-tex-waterproof-1078189-tip-top-shoes-of-new-york-787890_600x600.jpg?v=1693291449,$115.00
Primigi Girl's (Sizes 31-35) Black Mary Jane,https://tiptopshoes.com/collections/girls/products/primigi-girls-sizes-31-35-black-mary-jane,https://cdn.shopify.com/s/files/1/1974/6675/products/primigi-girls-sizes-31-35-black-mary-jane-1078219-tip-top-shoes-of-new-york-375371_600x600.jpg?v=1693291452,$75.00
Primigi Girl's (Sizes 36-40) Black Mary Jane,https://tiptopshoes.com/collections/girls/products/primigi-girls-sizes-36-40-black-mary-jane,https://cdn.shopify.com/s/files/1/1974/6675/products/primigi-girls-sizes-36-40-black-mary-jane-1078224-tip-top-shoes-of-new-york-787076_600x600.jpg?v=1693291452,$79.95
Primigi Girl's (Sizes 28-30) Black Mary Jane,https://tiptopshoes.com/collections/girls/products/primigi-girls-sizes-28-30-black-mary-jane,https://cdn.shopify.com/s/files/1/1974/6675/products/primigi-girls-sizes-28-30-black-mary-jane-1078207-tip-top-shoes-of-new-york-461144_600x600.jpg?v=1693291452,$69.95
Saucony GS (Grade School) Ride 15 Sundown,https://tiptopshoes.com/collections/girls/products/saucony-gs-grade-school-ride-15-sundown-1,https://cdn.shopify.com/s/files/1/1974/6675/products/saucony-gs-grade-school-ride-15-sundown-1074914-tip-top-shoes-of-new-york-998270_600x600.jpg?v=1690490641,$75.00
Saucony GS (Grade School) Endorphin KDZ Blue/Green,https://tiptopshoes.com/collections/girls/products/saucony-gs-grade-school-endorphin-kdz-blue-green,https://cdn.shopify.com/s/files/1/1974/6675/products/saucony-gs-grade-school-endorphin-kdz-bluegreen-1074905-tip-top-shoes-of-new-york-699522_600x600.jpg?v=1690490640,$75.00
Merrell GS (Grade School) Moab Speed Dusty Pink Olive Waterproof,https://tiptopshoes.com/collections/girls/products/merrell-gs-grade-school-moab-speed-dusty-pink-olive-waterproof,https://cdn.shopify.com/s/files/1/1974/6675/products/merrell-gs-grade-school-moab-speed-dusty-pink-olive-waterproof-1074801-tip-top-shoes-of-new-york-922516_600x600.jpg?v=1690663156,$69.95
Skechers PS Twi Lites 2.0 Hi Top 314453LPKMT,https://tiptopshoes.com/collections/girls/products/skechers-ps-twi-lites-2-0-hi-top-314453lpkmt,https://cdn.shopify.com/s/files/1/1974/6675/products/skechers-ps-twi-lites-20-hi-top-314453lpkmt-1081837-tip-top-shoes-of-new-york-277176_600x600.jpg?v=1690490657,$65.00
Skechers PS (Preschool) Twinkle Toes: Twinkle Sparks - Shimmer Stars,https://tiptopshoes.com/collections/girls/products/skechers-ps-preschool-twinkle-toes-twinkle-sparks-shimmer-stars,https://cdn.shopify.com/s/files/1/1974/6675/products/skechers-ps-preschool-twinkle-toes-twinkle-sparks-shimmer-stars-1081823-tip-top-shoes-of-new-york-554468_600x600.jpg?v=1695805997,$55.00
Skechers PS (Preschool) S Lights-Princess Wishes Lavender Multi,https://tiptopshoes.com/collections/girls/products/skechers-ps-preschool-s-lights-princess-wishes-lavender-multi,https://cdn.shopify.com/s/files/1/1974/6675/products/skechers-ps-preschool-s-lights-princess-wishes-lavender-multi-1081771-tip-top-shoes-of-new-york-182674_600x600.jpg?v=1690490652,$59.95
Skechers Preschool S-Lights Wavy Beams 302338LNVMT,https://tiptopshoes.com/collections/girls/products/skechers-preschool-s-lights-wavy-beams-302338lnvmt,https://cdn.shopify.com/s/files/1/1974/6675/products/skechers-preschool-s-lights-wavy-beams-302338lnvmt-1081745-tip-top-shoes-of-new-york-287074_600x600.jpg?v=1690490643,$55.00
Skechers PS (Preschool) S Lights Wavy Beams 302338LBKMT,https://tiptopshoes.com/collections/girls/products/skechers-ps-preschool-s-lights-wavy-beams-302338lbkmt,https://cdn.shopify.com/s/files/1/1974/6675/products/skechers-ps-preschool-s-lights-wavy-beams-302338lbkmt-1081732-tip-top-shoes-of-new-york-870489_600x600.jpg?v=1690490646,$55.00
Steve Madden Girl's GS (Grade School) J-Quirky Hi-Top Silver Multi,https://tiptopshoes.com/collections/girls/products/steve-madden-girls-gs-grade-school-j-quirky-hi-top-silver-multi,https://cdn.shopify.com/s/files/1/1974/6675/products/steve-madden-girls-gs-grade-school-j-quirky-hi-top-silver-multi-1079721-tip-top-shoes-of-new-york-532719_600x600.jpg?v=1687466232,$65.00
Steve Madden Girl's JQueen White Multi,https://tiptopshoes.com/collections/girls/products/steve-madden-girls-gs-grade-school-jqueen-white-multi,https://cdn.shopify.com/s/files/1/1974/6675/products/steve-madden-girls-gs-grade-school-jqueen-white-multi-1079712-tip-top-shoes-of-new-york-843455_600x600.jpg?v=1686768077,$59.95
Havaianas Girl's GS (Grade School) Flores Green Garden,https://tiptopshoes.com/collections/girls/products/havaianas-girls-gs-grade-school-flores-green-garden,https://cdn.shopify.com/s/files/1/1974/6675/products/havaianas-girls-gs-grade-school-flores-green-garden-1074064-tip-top-shoes-of-new-york-382170_600x600.jpg?v=1686766832,$26.00
Steve Madden Girl's JFlyer Black,https://tiptopshoes.com/collections/girls/products/steve-madden-girls-jflyer-black,https://cdn.shopify.com/s/files/1/1974/6675/products/steve-madden-girls-jflyer-black-1079750-tip-top-shoes-of-new-york-598929_600x600.jpg?v=1690664000,$69.95
Steve Madden Girl's JFigaro Pewter,https://tiptopshoes.com/collections/girls/products/steve-madden-girls-jfigaro-pewter,https://cdn.shopify.com/s/files/1/1974/6675/products/steve-madden-girls-jfigaro-pewter-1079742-tip-top-shoes-of-new-york-797455_600x600.jpg?v=1690490756,$65.00
Steve Madden Girl's JHazel Black,https://tiptopshoes.com/collections/girls/products/steve-madden-girls-jhazel-black,https://cdn.shopify.com/s/files/1/1974/6675/products/steve-madden-girls-jhazel-black-1079731-tip-top-shoes-of-new-york-585272_600x600.jpg?v=1690490755,$69.95
Steve Madden Girl's JWinston Gasoline,https://tiptopshoes.com/collections/girls/products/steve-madden-girls-jwinston-gasoline,https://cdn.shopify.com/s/files/1/1974/6675/products/steve-madden-girls-jwinston-gasoline-1079704-tip-top-shoes-of-new-york-850930_600x600.jpg?v=1692396110,$65.00
Steve Madden Girl's Charly Woven White/Multi,https://tiptopshoes.com/collections/girls/products/steve-madden-girls-charly-woven-white-multi,https://cdn.shopify.com/s/files/1/1974/6675/products/steve-madden-girls-charly-woven-whitemulti-1079696-tip-top-shoes-of-new-york-470426_600x600.jpg?v=1689016020,$59.95
Vintage Havana Girl's Ellis Silver,https://tiptopshoes.com/collections/girls/products/vintage-havana-girls-ellis-silver,https://cdn.shopify.com/s/files/1/1974/6675/products/vintage-havana-girls-ellis-silver-1079119-tip-top-shoes-of-new-york-954951_600x600.jpg?v=1681355634,$79.95
Vintage Havana Girl's Renee Hot Pink,https://tiptopshoes.com/collections/girls/products/vintage-havana-girls-renee-hot-pink,https://cdn.shopify.com/s/files/1/1974/6675/products/vintage-havana-girls-renee-hot-pink-1079110-tip-top-shoes-of-new-york-600246_600x600.jpg?v=1681355635,$79.95
Lurchi Girl's (Sizes 25-32) Noah Barefoot Fuschia,https://tiptopshoes.com/collections/girls/products/lurchi-girls-sizes-25-32-noah-barefoot-fuschia,https://cdn.shopify.com/s/files/1/1974/6675/products/lurchi-girls-sizes-25-32-noah-barefoot-fuschia-5018127-tip-top-shoes-of-new-york-478846_600x600.jpg?v=1679956021,$99.95
Saucony Girl's Kinvara 14 A/C Light Blue,https://tiptopshoes.com/collections/girls/products/saucony-girls-kinvara-14-a-c-light-blue,https://cdn.shopify.com/s/files/1/1974/6675/products/saucony-girls-kinvara-14-light-blue-1070112-tip-top-shoes-of-new-york-291913_600x600.jpg?v=1677686992,$65.00
Naturino Girl's (Sizes 33-38) Sylty Black Waterproof,https://tiptopshoes.com/collections/girls/products/naturino-girls-sizes-33-38-sylty-black-waterproof,https://cdn.shopify.com/s/files/1/1974/6675/products/naturino-girls-sizes-33-38-sylty-black-waterproof-1078942-tip-top-shoes-of-new-york-112630_600x600.jpg?v=1700660621,$115.00
Naturino Girl's (Sizes 33-35) Riley Platinum Waterproof,https://tiptopshoes.com/collections/girls/products/naturino-girls-sizes-33-35-riley-platinum-waterproof,https://cdn.shopify.com/s/files/1/1974/6675/products/naturino-girls-sizes-33-35-riley-platinum-waterproof-1078928-tip-top-shoes-of-new-york-901524_600x600.jpg?v=1696931341,$95.00
Naturino (Sizes 28-32) Riley Platinum Waterproof,https://tiptopshoes.com/collections/girls/products/naturino-sizes-28-32-riley-platinum-waterproof,https://cdn.shopify.com/s/files/1/1974/6675/products/naturino-sizes-28-32-riley-platinum-waterproof-1078914-tip-top-shoes-of-new-york-412984_600x600.jpg?v=1693638009,$89.95
Naturino Girl's (Sizes 28-32) Gemina Low Rose Waterproof,https://tiptopshoes.com/collections/girls/products/naturino-girls-sizes-28-32-gemina-low-rose-waterproof,https://cdn.shopify.com/s/files/1/1974/6675/products/naturino-girls-sizes-28-32-gemina-low-rose-waterproof-1078905-tip-top-shoes-of-new-york-664306_600x600.jpg?v=1695805414,$89.95
Geox Girl's (Sizes 28-32) Sprintye Coral,https://tiptopshoes.com/collections/girls/products/geox-girls-sizes-28-32-sprintye-coral,https://cdn.shopify.com/s/files/1/1974/6675/products/geox-girls-sizes-28-32-sprintye-coral-1078691-tip-top-shoes-of-new-york-849150_600x600.jpg?v=1677162159,$75.00
Geox Girl's (Sizes 28-32) Sprintye Navy/Coral,https://tiptopshoes.com/collections/girls/products/geox-girls-sizes-28-32-sprintye-navy-coral,https://cdn.shopify.com/s/files/1/1974/6675/products/geox-girls-sizes-28-32-sprintye-navycoral-1078683-tip-top-shoes-of-new-york-327104_600x600.jpg?v=1677162159,$75.00
Steve Madden Girl's J Crazy Multi,https://tiptopshoes.com/collections/girls/products/steve-madden-girls-j-crazy-multi,https://cdn.shopify.com/s/files/1/1974/6675/products/steve-madden-girls-j-crazy-multi-1074688-tip-top-shoes-of-new-york-480374_600x600.jpg?v=1678212229,$59.95
Steve Madden Girl's JSammie Black,https://tiptopshoes.com/collections/girls/products/steve-madden-girls-jsammie-black,https://cdn.shopify.com/s/files/1/1974/6675/products/steve-madden-girls-jsammie-black-1074679-tip-top-shoes-of-new-york-872272_600x600.jpg?v=1676202658,$55.00
Steve Madden Girl's JSammie Blush,https://tiptopshoes.com/collections/girls/products/steve-madden-girls-jsammie-blush,https://cdn.shopify.com/s/files/1/1974/6675/products/steve-madden-girls-jsammie-blush-1074670-tip-top-shoes-of-new-york-763886_600x600.jpg?v=1676202659,$55.00
Naturino Girl's (Sizes 27-32) Glarny Platinum Suede Glitter Bootie,https://tiptopshoes.com/collections/girls/products/naturino-girls-sizes-27-32-glarny-platinum-suede-glitter-bootie,https://cdn.shopify.com/s/files/1/1974/6675/products/naturino-girls-sizes-27-32-glarny-platinum-suede-glitter-bootie-1078569-tip-top-shoes-of-new-york-282230_600x600.jpg?v=1699012335,$85.00
Naturino Girl's (Sizes 33-35) Annie Metallic Glitter/Star,https://tiptopshoes.com/collections/girls/products/naturino-girls-sizes-33-35-annie-metallic-glitter-star,https://cdn.shopify.com/s/files/1/1974/6675/products/naturino-girls-sizes-33-35-annie-metallic-glitterstar-1078548-tip-top-shoes-of-new-york-786417_600x600.jpg?v=1692395614,$95.00
Naturino Girl's (Sizes 29-32) Annie Metallic Glitter/Star,https://tiptopshoes.com/collections/girls/products/naturino-girls-sizes-29-32-annie-metallic-glitter-star,https://cdn.shopify.com/s/files/1/1974/6675/products/naturino-girls-sizes-29-32-annie-metallic-glitterstar-1078535-tip-top-shoes-of-new-york-966987_600x600.jpg?v=1692395614,$85.00
Naturino Girl's (Sizes 33-35) Barnett Black Naplak,https://tiptopshoes.com/collections/girls/products/naturino-girls-sizes-33-35-barnett-black-naplak,https://cdn.shopify.com/s/files/1/1974/6675/products/naturino-girls-sizes-33-35-barnett-black-naplak-1078530-tip-top-shoes-of-new-york-669536_600x600.jpg?v=1699012332,$115.00
Naturino Girl's (Sizes 33-35) Hippyhoppy Black Naplak,https://tiptopshoes.com/collections/girls/products/naturino-girls-sizes-33-35-hippyhoppy-black-naplak,https://cdn.shopify.com/s/files/1/1974/6675/products/naturino-girls-sizes-33-35-hippyhoppy-black-naplak-1078485-tip-top-shoes-of-new-york-433474_600x600.jpg?v=1690490196,$89.95
Naturino Girl's (Sizes 3-33) Frollik Silver Patent/Sparkle,https://tiptopshoes.com/collections/girls/products/naturino-girls-sizes-3-33-frollik-silver-patent-sparkle,https://cdn.shopify.com/s/files/1/1974/6675/products/naturino-girls-sizes-3-33-frollik-silver-patentsparkle-1078438-tip-top-shoes-of-new-york-265118_600x600.jpg?v=1690316917,$65.00
Naturino Girl's (Sizes 34-38) Hiuma Black/Silver Studs,https://tiptopshoes.com/collections/girls/products/naturino-girls-sizes-34-38-hiuma-black-silver-studs,https://cdn.shopify.com/s/files/1/1974/6675/products/naturino-girls-sizes-34-38-hiuma-blacksilver-studs-1078413-tip-top-shoes-of-new-york-494796_600x600.jpg?v=1695805409,$89.95
Vans PS (Preschool) SK8-Hi White Glitter,https://tiptopshoes.com/collections/girls/products/vans-ps-preschool-sk8-hi-white-glitter,https://cdn.shopify.com/s/files/1/1974/6675/products/vans-ps-preschool-sk8-hi-white-glitter-1072183-tip-top-shoes-of-new-york-287100_600x600.jpg?v=1676203086,$59.95
Vans PS (Preschool) Old Skool Rose Camo,https://tiptopshoes.com/collections/girls/products/vans-ps-preschool-old-skool-rose-camo,https://cdn.shopify.com/s/files/1/1974/6675/products/vans-ps-preschool-old-skool-rose-camo-1072172-tip-top-shoes-of-new-york-112218_600x600.jpg?v=1676203087,$49.95
Vans PS (Preschool) Old Skool V Canal Blue,https://tiptopshoes.com/collections/girls/products/vans-ps-preschool-old-skool-v-canal-blue,https://cdn.shopify.com/s/files/1/1974/6675/products/vans-ps-preschool-old-skool-v-canal-blue-1072131-tip-top-shoes-of-new-york-671933_600x600.jpg?v=1676203085,$55.00
Primigi Girl's (Sizes 31-35) Navy/Purple Mid Gore-Tex,https://tiptopshoes.com/collections/girls/products/primigi-girls-sizes-31-35-navy-purple-mid-gore-tex,https://cdn.shopify.com/s/files/1/1974/6675/products/primigi-girls-sizes-31-35-navypurple-mid-gore-tex-1078039-tip-top-shoes-of-new-york-219476_600x600.jpg?v=1696931550,$109.95
Old Soles Girl's Team-Star Snow/Pink/Black,https://tiptopshoes.com/collections/girls/products/old-soles-girls-team-star-snow-pink-black,https://cdn.shopify.com/s/files/1/1974/6675/products/old-soles-girls-team-star-snowpinkblack-1077883-tip-top-shoes-of-new-york-473080_600x600.jpg?v=1692655618,$79.95
Nina Girl's Prisila Black,https://tiptopshoes.com/collections/girls/products/nina-girls-prisila-black,https://cdn.shopify.com/s/files/1/1974/6675/products/nina-girls-prisila-black-1077813-tip-top-shoes-of-new-york-634888_600x600.jpg?v=1692395798,$65.00
Nina Girl's Colette Silver Glitter Patent,https://tiptopshoes.com/collections/girls/products/nina-girls-colette-silver-glitter-patent,https://cdn.shopify.com/s/files/1/1974/6675/products/nina-girls-colette-silver-glitter-patent-1077803-tip-top-shoes-of-new-york-483883_600x600.jpg?v=1692395796,$69.95
Nina Girl's Milly Black,https://tiptopshoes.com/collections/girls/products/nina-girls-milly-black,https://cdn.shopify.com/s/files/1/1974/6675/products/nina-girls-milly-black-1077796-tip-top-shoes-of-new-york-160074_600x600.jpg?v=1692395799,$69.95
Nina Girl's Gigee White Stones,https://tiptopshoes.com/collections/girls/products/nina-girls-gigee-white-stones,https://cdn.shopify.com/s/files/1/1974/6675/products/nina-girls-gigee-white-stones-1077732-tip-top-shoes-of-new-york-159604_600x600.jpg?v=1690663594,$55.00
Nina Girl's Gigee Black Stones,https://tiptopshoes.com/collections/girls/products/nina-girls-gigee-black-stones,https://cdn.shopify.com/s/files/1/1974/6675/products/nina-girls-gigee-black-stones-1077723-tip-top-shoes-of-new-york-659639_600x600.jpg?v=1690663593,$55.00
Nina Girl's Yuti Pink/Silver Star,https://tiptopshoes.com/collections/girls/products/nina-girls-yuti-pink-silver-star,https://cdn.shopify.com/s/files/1/1974/6675/products/nina-girls-yuti-pinksilver-star-1077767-tip-top-shoes-of-new-york-987092_600x600.jpg?v=1690836375,$59.95
Nina Girl's Emaleigh Black Patent leather,https://tiptopshoes.com/collections/girls/products/nina-girls-emaleigh-black-patent-leather,https://cdn.shopify.com/s/files/1/1974/6675/products/nina-girls-emaleigh-black-patent-leather-1077751-tip-top-shoes-of-new-york-735285_600x600.jpg?v=1690663587,$55.00
Nina Girl's Evon Light Blue/Star,https://tiptopshoes.com/collections/girls/products/nina-girls-evon-light-blue-star,https://cdn.shopify.com/s/files/1/1974/6675/products/nina-girls-evon-light-bluestar-1077740-tip-top-shoes-of-new-york-875682_600x600.jpg?v=1690663589,$55.00
Nina Girl's Stassi Black Patent Leather,https://tiptopshoes.com/collections/girls/products/nina-girls-stassi-black-patent-leather,https://cdn.shopify.com/s/files/1/1974/6675/products/nina-girls-stassi-black-patent-leather-1077715-tip-top-shoes-of-new-york-189984_600x600.jpg?v=1690663594,$55.00
UGG Girl's Sunburst Tall Chestnut,https://tiptopshoes.com/collections/girls/products/ugg-girls-sunburst-tall-chestnut,https://cdn.shopify.com/s/files/1/1974/6675/products/ugg-girls-sunburst-tall-chestnut-1077462-tip-top-shoes-of-new-york-903974_600x600.jpg?v=1696932003,$189.95
UGG Girl's Classic Mini Zipper Olive,https://tiptopshoes.com/collections/girls/products/ugg-girls-classic-mini-zipper-olive,https://cdn.shopify.com/s/files/1/1974/6675/products/ugg-girls-classic-mini-zipper-olive-1077443-tip-top-shoes-of-new-york-699891_600x600.jpg?v=1696932008,$93.99
Adidas Girl's Adilette Aqua White/Pink,https://tiptopshoes.com/collections/girls/products/adidas-girls-adilette-aqua-white-pink,https://cdn.shopify.com/s/files/1/1974/6675/products/adidas-girls-adilette-aqua-whitepink-1070807-tip-top-shoes-of-new-york-397467_600x600.jpg?v=1678208806,$28.00
UGG Girl's Classic II Burnt Ceder,https://tiptopshoes.com/collections/girls/products/ugg-girls-classic-ii-burnt-ceder,https://cdn.shopify.com/s/files/1/1974/6675/products/ugg-girls-classic-ii-burnt-ceder-1077415-tip-top-shoes-of-new-york-757989_600x600.jpg?v=1695806241,$139.95
Geox Girl's (Sizes 28-32) Ciberdon Navy/Pink Lite Up,https://tiptopshoes.com/collections/girls/products/geox-girls-sizes-28-32-ciberdon-navy-pink-lite-up,https://cdn.shopify.com/s/files/1/1974/6675/products/geox-girls-sizes-28-32-ciberdon-navypink-lite-up-1077052-tip-top-shoes-of-new-york-136075_600x600.jpg?v=1692222013,$89.95
Geox (Sizes 31-37) Theleven Smoke Grey Hi,https://tiptopshoes.com/collections/girls/products/geox-sizes-31-37-theleven-smoke-grey-hi,https://cdn.shopify.com/s/files/1/1974/6675/products/geox-sizes-31-37-theleven-smoke-grey-hi-1077033-tip-top-shoes-of-new-york-117017_600x600.jpg?v=1692222014,$109.95
Geox Girl's (Sizes 28-32) Skylin Navy/Silver,https://tiptopshoes.com/collections/girls/products/geox-girls-sizes-28-32-skylin-navy-silver,https://cdn.shopify.com/s/files/1/1974/6675/products/geox-girls-sizes-28-32-skylin-navysilver-1077022-tip-top-shoes-of-new-york-135729_600x600.jpg?v=1691528593,$95.00
Geox Girl's (Sizes 31-37) Rebecca Navy Waterproof,https://tiptopshoes.com/collections/girls/products/geox-girls-sizes-31-37-rebecca-navy-waterproof,https://cdn.shopify.com/s/files/1/1974/6675/products/geox-girls-sizes-31-37-rebecca-navy-waterproof-1077006-tip-top-shoes-of-new-york-468446_600x600.jpg?v=1699447256,$129.95
Geox Girl's (Sizes 29-35) Flexyper Dark Rose,https://tiptopshoes.com/collections/girls/products/geox-girls-flexyper-dark-rose,https://cdn.shopify.com/s/files/1/1974/6675/products/geox-girls-sizes-29-35-flexyper-dark-rose-1076999-tip-top-shoes-of-new-york-671476_600x600.jpg?v=1699447256,$129.95
Lurchi (Sizes 26-33) Selina Navy Gore-Tex Waterproof,https://tiptopshoes.com/collections/girls/products/lurchi-girls-sizes-26-33-selina-navy-gore-tex-waterproof,https://cdn.shopify.com/s/files/1/1974/6675/products/lurchi-girls-sizes-26-33-selina-navy-gore-tex-waterproof-1076287-tip-top-shoes-of-new-york-398371_600x600.jpg?v=1670597977,$120.00
Naturino Girl's (Sizes 28-32) Ariton Pink/Gum Waterproof,https://tiptopshoes.com/collections/girls/products/naturino-girls-sizes-28-32-ariton-pink-gum-waterproof,https://cdn.shopify.com/s/files/1/1974/6675/products/naturino-girls-sizes-28-32-ariton-pinkgum-waterproof-1076226-tip-top-shoes-of-new-york-959004_600x600.jpg?v=1696931339,$85.00
Naturino Girl's (Sizes 29-32) Paris Black Napa T-Strap,https://tiptopshoes.com/collections/girls/products/naturino-girls-sizes-29-32-paris-black-napa-t-strap,https://cdn.shopify.com/s/files/1/1974/6675/products/naturino-girls-sizes-29-32-paris-black-napa-t-strap-1076110-tip-top-shoes-of-new-york-950809_600x600.jpg?v=1690316917,$69.95
Naturino Girl's (Sizes 32-35) Paris Black Napa,https://tiptopshoes.com/collections/girls/products/naturino-girls-sizes-32-35-paris-black-napa,https://cdn.shopify.com/s/files/1/1974/6675/products/naturino-girls-sizes-32-35-paris-black-napa-1076122-tip-top-shoes-of-new-york-585289_600x600.jpg?v=1690316916,$75.00
Naturino (Sizes 30-31) Arthur Chelsea Black Suede,https://tiptopshoes.com/collections/girls/products/naturino-sizes-30-31-arthur-chelsea-black-suede,https://cdn.shopify.com/s/files/1/1974/6675/products/naturino-sizes-30-31-arthur-chelsea-black-suede-1076078-tip-top-shoes-of-new-york-132807_600x600.jpg?v=1695805334,$89.95
Naturino (Sizes 33-35) Pinn White/Multi Glitter,https://tiptopshoes.com/collections/girls/products/naturino-sizes-33-35-pinn-white-multi-glitter,https://cdn.shopify.com/s/files/1/1974/6675/products/naturino-sizes-33-35-pinn-whitemulti-glitter-1076054-tip-top-shoes-of-new-york-668328_600x600.jpg?v=1695805335,$85.00
Naturino (Sizes 29-32) Pinn White/Multi Glitter,https://tiptopshoes.com/collections/girls/products/naturino-sizes-29-32-pinn-white-multi-glitter,https://cdn.shopify.com/s/files/1/1974/6675/products/naturino-sizes-29-32-pinn-whitemulti-glitter-1076041-tip-top-shoes-of-new-york-485307_600x600.jpg?v=1695805330,$79.95
Naturino (Sizes 33-34) Quar Black/Purple/Rhinestones,https://tiptopshoes.com/collections/girls/products/naturino-sizes-33-34-quar-black-purple-rhinestones,https://cdn.shopify.com/s/files/1/1974/6675/products/naturino-sizes-33-34-quar-blackpurplerhinestones-1076036-tip-top-shoes-of-new-york-440801_600x600.jpg?v=1695805335,$89.95
Naturino (Sizes 29-32) Quar Black/Purple/Rhinestone,https://tiptopshoes.com/collections/girls/products/naturino-sizes-29-32-quar-black-purple-rhinestone,https://cdn.shopify.com/s/files/1/1974/6675/products/naturino-sizes-29-32-quar-blackpurplerhinestone-1076023-tip-top-shoes-of-new-york-509945_600x600.jpg?v=1695805334,$85.00
UGG Girl's Ashton Addie Chestnut,https://tiptopshoes.com/collections/girls/products/ugg-girls-ashton-addie-chestnut,https://cdn.shopify.com/s/files/1/1974/6675/products/ugg-girls-ashton-addie-chestnut-1075970-tip-top-shoes-of-new-york-440312_600x600.jpg?v=1695806243,$109.95
UGG Girl's Ashton Lace Up Glitter Black,https://tiptopshoes.com/collections/girls/products/ugg-girls-ashton-lace-up-glitter-black,https://cdn.shopify.com/s/files/1/1974/6675/products/ugg-girls-ashton-lace-up-glitter-black-1075960-tip-top-shoes-of-new-york-346556_600x600.jpg?v=1693638832,$99.95
New Balance Girl's GS (Grade School) DynaSoft Reveal v4 BOA Light Raspberry/Hi-Pink/Electric Indigo,https://tiptopshoes.com/collections/girls/products/new-balance-girls-gs-grade-school-dynasoft-reveal-v4-boa-light-raspberry-hi-pink-electric-indigo-1,https://cdn.shopify.com/s/files/1/1974/6675/products/new-balance-girls-gs-grade-school-dynasoft-reveal-v4-boa-light-raspberryhi-pinkelectric-indigo-1075719-tip-top-shoes-of-new-york-972669_600x600.jpg?v=1687465654,$75.00
Dr. Martens Girl's 1460 Rainbow Crinkle,https://tiptopshoes.com/collections/girls/products/dr-martens-girls-1460-rainbow-crinkle,https://cdn.shopify.com/s/files/1/1974/6675/products/dr-martens-girls-1460-rainbow-crinkle-1075576-tip-top-shoes-of-new-york-851067_600x600.webp?v=1695804652,$95.00
Dr. Martens PS (Preschool) 1460 Rainbow Crinkle,https://tiptopshoes.com/collections/girls/products/dr-martens-ps-preschool-1460-rainbow-crinkle,https://cdn.shopify.com/s/files/1/1974/6675/products/dr-martens-ps-preschool-1460-rainbow-crinkle-1075556-tip-top-shoes-of-new-york-816549_600x600.jpg?v=1695631576,$79.95
Dr. Martens PS (Preschool) 1460 Rainbow Crinkle,https://tiptopshoes.com/collections/girls/products/dr-martens-ps-preschool-1460-rainbow-crinkle-1,https://cdn.shopify.com/s/files/1/1974/6675/products/dr-martens-ps-preschool-1460-rainbow-crinkle-1075540-tip-top-shoes-of-new-york-772868_600x600.jpg?v=1693463721,$69.95
Dr. Martens PS (Preschool) 1460 Black Patent Mix Flowers,https://tiptopshoes.com/collections/girls/products/dr-martens-ps-preschool-1460-black-patent-mix-flowers,https://cdn.shopify.com/s/files/1/1974/6675/products/dr-martens-ps-preschool-1460-black-patent-mix-flowers-1075527-tip-top-shoes-of-new-york-270913_600x600.jpg?v=1700660041,$79.95
Dr. Martens Girl's 1460 Black Patent Mix Flowers,https://tiptopshoes.com/collections/girls/products/568447,https://cdn.shopify.com/s/files/1/1974/6675/products/dr-martens-girls-1460-black-patent-mix-flowers-1075517-tip-top-shoes-of-new-york-472610_600x600.jpg?v=1690835648,$90.00
Vans PS (Preschool) Classic Slip-On Rose,https://tiptopshoes.com/collections/girls/products/vans-ps-preschool-classic-slip-on-rose,https://cdn.shopify.com/s/files/1/1974/6675/products/vans-ps-preschool-classic-slip-on-rose-1075489-tip-top-shoes-of-new-york-587960_600x600.jpg?v=1688076951,$48.00
Vans PS (Preschool) Old Skool Pink Rose,https://tiptopshoes.com/collections/girls/products/vans-ps-preschool-old-skool-pink-rose,https://cdn.shopify.com/s/files/1/1974/6675/products/vans-ps-preschool-old-skool-pink-rose-1075480-tip-top-shoes-of-new-york-634825_600x600.jpg?v=1689101353,$52.00
Sorel PS (Preschool) Whitney 2-Strap Twilight Waterproof,https://tiptopshoes.com/collections/girls/products/sorel-ps-preschool-whitney-2-strap-twilight-waterproof,https://cdn.shopify.com/s/files/1/1974/6675/products/sorel-ps-preschool-whitney-2-strap-twilight-waterproof-1075257-tip-top-shoes-of-new-york-271275_600x600.jpg?v=1690663875,$75.00
Moon Boot Girl's Icon Nylon Black,https://tiptopshoes.com/collections/girls/products/moon-boot-girls-icon-nylon-black,https://cdn.shopify.com/s/files/1/1974/6675/products/moon-boot-girls-icon-nylon-black-1068287-tip-top-shoes-of-new-york-444612_600x600.jpg?v=1671792741,$175.00
See Kai Run PS (Preschool) Keegan Peach/Gold,https://tiptopshoes.com/collections/girls/products/see-kai-run-ps-preschool-keegan-peach-gold,https://cdn.shopify.com/s/files/1/1974/6675/products/see-kai-run-ps-preschool-keegan-peachgold-1075128-tip-top-shoes-of-new-york-605788_600x600.jpg?v=1695805995,$59.95
Adidas GS (Grade School) Superstar XLG White/Blue,https://tiptopshoes.com/collections/girls/products/adidas-gs-grade-school-superstar-xlg-white-blue,https://cdn.shopify.com/s/files/1/1974/6675/products/adidas-gs-grade-school-superstar-xlg-whiteblue-1074964-tip-top-shoes-of-new-york-432017_600x600.jpg?v=1688074317,$89.95
Adidas GS (Grade School) Superstar XLG White/Green,https://tiptopshoes.com/collections/girls/products/adidas-gs-grade-school-superstar-xlg-green,https://cdn.shopify.com/s/files/1/1974/6675/products/adidas-gs-grade-school-superstar-xlg-green-1074955-tip-top-shoes-of-new-york-975462_600x600.jpg?v=1687897474,$89.95
Saucony PS (Preschool) Kinvara 14 Grape/Indigo,https://tiptopshoes.com/collections/girls/products/saucony-ps-preschool-kinvara-14-grape-indigo,https://cdn.shopify.com/s/files/1/1974/6675/products/saucony-ps-preschool-kinvara-14-grapeindigo-1074833-tip-top-shoes-of-new-york-515975_600x600.jpg?v=1689015856,$65.00
Steve Madden Girl's JLuciaa Silver,https://tiptopshoes.com/collections/girls/products/568248,https://cdn.shopify.com/s/files/1/1974/6675/products/steve-madden-girls-jluciaa-silver-1074741-tip-top-shoes-of-new-york-116199_600x600.jpg?v=1678824214,$65.00
Steve Madden Girl's JGradyy Natural Cork,https://tiptopshoes.com/collections/girls/products/568246,https://cdn.shopify.com/s/files/1/1974/6675/products/steve-madden-girls-jgradyy-natural-cork-1074724-tip-top-shoes-of-new-york-302058_600x600.jpg?v=1678824213,$59.95
Steve Madden Girl's J Georjia Cognac Woven,https://tiptopshoes.com/collections/girls/products/steve-madden-girls-j-georjia-cognac-woven,https://cdn.shopify.com/s/files/1/1974/6675/products/steve-madden-girls-j-georjia-cognac-woven-1074697-tip-top-shoes-of-new-york-251197_600x600.jpg?v=1678212228,$55.00
Steve Madden Girl's J Georjia White Woven,https://tiptopshoes.com/collections/girls/products/steve-madden-girls-j-georjia-white-woven,https://cdn.shopify.com/s/files/1/1974/6675/products/steve-madden-girls-j-georjia-white-woven-1074706-tip-top-shoes-of-new-york-713896_600x600.jpg?v=1678561573,$55.00
Steve Madden Girl's JTristaa White/Sequin,https://tiptopshoes.com/collections/girls/products/steve-madden-girls-jtristaa-white-sequin,https://cdn.shopify.com/s/files/1/1974/6675/products/steve-madden-girls-jtristaa-whitesequin-1074661-tip-top-shoes-of-new-york-793691_600x600.jpg?v=1678212227,$59.95
Steve Madden Girl's J-Rockaway Platform Sneaker Iridescent,https://tiptopshoes.com/collections/girls/products/steve-madden-girls-j-rockaway-platform-sneaker-iridescent,https://cdn.shopify.com/s/files/1/1974/6675/products/steve-madden-girls-j-rockaway-platform-sneaker-iridescent-1074638-tip-top-shoes-of-new-york-398149_600x600.jpg?v=1675852524,$59.95
Steve Madden Girl's Charly Platform Sneaker White,https://tiptopshoes.com/collections/girls/products/steve-madden-girls-charly-platform-sneaker-white,https://cdn.shopify.com/s/files/1/1974/6675/products/steve-madden-girls-charly-platform-sneaker-white-1074628-tip-top-shoes-of-new-york-598267_600x600.jpg?v=1675852523,$55.00
Steve Madden Girl's JOppal Black Beaded,https://tiptopshoes.com/collections/girls/products/steve-madden-girls-joppal-black-beaded,https://cdn.shopify.com/s/files/1/1974/6675/products/steve-madden-girls-joppal-black-beaded-1074588-tip-top-shoes-of-new-york-223381_600x600.jpg?v=1676202658,$55.00
Old Soles Girl's Rainbow Jump Snow/Pink,https://tiptopshoes.com/collections/girls/products/old-soles-girls-rainbow-jump-snow-pink,https://cdn.shopify.com/s/files/1/1974/6675/products/old-soles-girls-rainbow-jump-snowpink-1074552-tip-top-shoes-of-new-york-394159_600x600.jpg?v=1676202148,$79.95
Old Soles Girl's Hearty Runner Snow/Hot Pink,https://tiptopshoes.com/collections/girls/products/old-soles-girls-hearty-runner-snow-hot-pink,https://cdn.shopify.com/s/files/1/1974/6675/products/old-soles-girls-hearty-runner-snowhot-pink-1074539-tip-top-shoes-of-new-york-351358_600x600.jpg?v=1676202149,$79.95
Havaianas Girl's Top Pets Pink,https://tiptopshoes.com/collections/girls/products/havaianas-girls-top-pets-pink,https://cdn.shopify.com/s/files/1/1974/6675/products/havaianas-girls-top-pets-pink-1073661-tip-top-shoes-of-new-york-219338_600x600.jpg?v=1678122510,$29.95
Havaianas Girl's Slim Organic Comfy Blue,https://tiptopshoes.com/collections/girls/products/havaianas-girls-slim-organic-comfy-blue,https://cdn.shopify.com/s/files/1/1974/6675/products/havaianas-girls-slim-organic-comfy-blue-1073653-tip-top-shoes-of-new-york-538503_600x600.jpg?v=1678210044,$35.00
Reef Girl's Little Ahi Rainbow & Clouds,https://tiptopshoes.com/collections/girls/products/reef-girls-little-ahi-rainbow-clouds,https://cdn.shopify.com/s/files/1/1974/6675/products/reef-girls-little-ahi-rainbow-clouds-1073315-tip-top-shoes-of-new-york-235981_600x600.jpg?v=1678211491,$25.00
Reef Girl's Little Ahi Wild,https://tiptopshoes.com/collections/girls/products/reef-girls-little-ahi-wild,https://cdn.shopify.com/s/files/1/1974/6675/products/reef-girls-little-ahi-wild-1073306-tip-top-shoes-of-new-york-105218_600x600.jpg?v=1678211491,$25.00
Reef Girl's Ahi Wild,https://tiptopshoes.com/collections/girls/products/reef-girls-ahi-wild,https://cdn.shopify.com/s/files/1/1974/6675/products/reef-girls-ahi-wild-1073333-tip-top-shoes-of-new-york-998883_600x600.jpg?v=1678211491,$25.00
Reef Girl's Ahi Rainbow & Clouds,https://tiptopshoes.com/collections/girls/products/reef-girls-ahi-rainbow-clouds,https://cdn.shopify.com/s/files/1/1974/6675/products/reef-girls-ahi-rainbow-clouds-1073324-tip-top-shoes-of-new-york-241024_600x600.jpg?v=1678211491,$25.00
Reef Girl's PS (Preschool) Stargazer Aqua Mermaid,https://tiptopshoes.com/collections/girls/products/reef-girls-gs-grade-school-stargazer-aqua-mermaid,https://cdn.shopify.com/s/files/1/1974/6675/products/reef-girls-ps-preschool-stargazer-aqua-mermaid-1073342-tip-top-shoes-of-new-york-376472_600x600.jpg?v=1687812041,$25.00
Reef Girl's Stargazer Pineapple Rainbow,https://tiptopshoes.com/collections/girls/products/reef-girls-stargazer-pineapple-rainbow,https://cdn.shopify.com/s/files/1/1974/6675/products/reef-girls-stargazer-pineapple-rainbow-1073360-tip-top-shoes-of-new-york-231580_600x600.jpg?v=1678211492,$25.00
Teva Girl's Universal Sparklie Silver,https://tiptopshoes.com/collections/girls/products/teva-girls-universal-sparklie-silver,https://cdn.shopify.com/s/files/1/1974/6675/products/teva-girls-universal-sparklie-silver-1073188-tip-top-shoes-of-new-york-838395_600x600.jpg?v=1678561719,$48.00
Camper Girl's Right Sparkle Blue,https://tiptopshoes.com/collections/girls/products/camper-girls-right-sparkle-blue,https://cdn.shopify.com/s/files/1/1974/6675/products/camper-girls-right-sparkle-blue-1073104-tip-top-shoes-of-new-york-747663_600x600.jpg?v=1677772811,$75.00
Nina Girl's Fallon Silver/White Star,https://tiptopshoes.com/collections/girls/products/nina-girls-fallon-silver-white-star,https://cdn.shopify.com/s/files/1/1974/6675/products/nina-girls-fallon-silverwhite-star-1073070-tip-top-shoes-of-new-york-489347_600x600.jpg?v=1677686531,$58.00
Nina Girl's Yuti White/Silver Star,https://tiptopshoes.com/collections/girls/products/nina-girls-yuti-white-silver-star,https://cdn.shopify.com/s/files/1/1974/6675/products/nina-girls-yuti-whitesilver-star-1073062-tip-top-shoes-of-new-york-991500_600x600.jpg?v=1677686531,$59.95
Nina Girl's Cameena Tan Glitz,https://tiptopshoes.com/collections/girls/products/nina-girls-cameena-tan-glitz,https://cdn.shopify.com/s/files/1/1974/6675/products/nina-girls-cameena-tan-glitz-1073052-tip-top-shoes-of-new-york-502535_600x600.jpg?v=1678123341,$55.00
Keen Girl's (Sizes 1-6) Seacamp Silver,https://tiptopshoes.com/collections/girls/products/keen-girls-sizes-1-6-seacamp-silver,https://cdn.shopify.com/s/files/1/1974/6675/products/keen-girls-sizes-1-6-seacamp-silver-1072998-tip-top-shoes-of-new-york-497818_600x600.jpg?v=1678210275,$65.00
Keen Girl's (Sizes 8-13) Seacamp Silver,https://tiptopshoes.com/collections/girls/products/567517,https://cdn.shopify.com/s/files/1/1974/6675/products/keen-girls-sizes-8-13-seacamp-silver-1072988-tip-top-shoes-of-new-york-791096_600x600.jpg?v=1678210275,$65.00
