"Title","Price","URL","Image"
"Plaid Jacquard Mock Neck Sweater Shell","$38.49","https://www.anntaylor.com/clothing/sweaters/cata000011/838092.html?priceSort=ASC","https://anninc.scene7.com/is/image/AN/838092_501350?$fullBplp$"
"The High Rise Eva Easy Ankle Pant in Twill","$49.00 ","https://www.anntaylor.com/clothing/pants/cata000014/838171.html?priceSort=ASC","https://anninc.scene7.com/is/image/AN/838171_4981?$fullBplp$"
"Colorblock Roll Neck Sweater","$62.99","https://www.anntaylor.com/clothing/sweaters/cata000011/825317.html?priceSort=ASC","https://anninc.scene7.com/is/image/AN/825317_5833?$fullBplp$"
"The High Rise Straight Pant in Brushed Plaid","$45.00 ","https://www.anntaylor.com/clothing/pants/cata000014/827339.html?priceSort=ASC","https://anninc.scene7.com/is/image/AN/825054_1362?$fullBplp$"
"Belted Sculpting Pocket High Rise Straight Jeans in White","$125.99","https://www.anntaylor.com/clothing/jeans/cata000018/608068.html?priceSort=ASC","https://anninc.scene7.com/is/image/AN/838062_8187?$fullBplp$"
"Medallion Boatneck Pleated Sleeve Top","$69.99","https://www.anntaylor.com/clothing/tops-and-blouses/cata000010/834027.html?priceSort=ASC","https://anninc.scene7.com/is/image/AN/827339_501350?$fullBplp$"
"The Eva Ankle Pant in Knit Twill - Curvy Fit","$34.99","https://www.anntaylor.com/clothing/pants/cata000014/607632.html?dwvar_607632_color=018551&priceSort=ASC","https://anninc.scene7.com/is/image/AN/838727_500082"
"Geo Stitch Shoulder Button Sweater","$31.49","https://www.anntaylor.com/clothing/sweaters/cata000011/838705.html?dwvar_838705_color=1362&priceSort=ASC","https://anninc.scene7.com/is/image/AN/825152_5435?$fullBplp$"
"Floral Silk Square Scarf","$27.99 ","https://www.anntaylor.com/accessories/scarves/cata000022/831706.html?priceSort=ASC","https://anninc.scene7.com/is/image/AN/838466_5824"
"Curvy Sculpting Pocket Highest Rise Skinny Jeans in Classic Dark Indigo Wash","$45.42","https://www.anntaylor.com/clothing/jeans/cata000018/549422.html?priceSort=ASC","https://anninc.scene7.com/is/image/AN/608068_9000?$fullBplp$"
"Floral Mock Neck Angel Sleeve Popover","$34.99","https://www.anntaylor.com/clothing/tops-and-blouses/cata000010/831905.html?priceSort=ASC","https://anninc.scene7.com/is/image/AN/833934_500140"
"The Pintucked Easy Straight Ankle Pant in Crepe","$62.99","https://www.anntaylor.com/clothing/pants/cata000014/827036.html?dwvar_827036_color=4925&priceSort=ASC","https://anninc.scene7.com/is/image/AN/834089_9388?$fullBplp$"
"Jacquard Boatneck Bell Sleeve Sweater","$48.99","https://www.anntaylor.com/clothing/sweaters/cata000011/826931.html?priceSort=ASC","https://anninc.scene7.com/is/image/AN/834027_501383?$fullBplp$"
"The Lana Slim Pant - Curvy Fit","$48.99","https://www.anntaylor.com/clothing/pants/cata000014/572891.html?dwvar_572891_color=6901&priceSort=ASC","https://anninc.scene7.com/is/image/AN/899305_2222"
"Twill Moto Jacket","$34.99","https://www.anntaylor.com/clothing/jackets-and-blazers/cata000017/838767.html?priceSort=ASC","https://anninc.scene7.com/is/image/AN/825380_5833?$fullBplp$"
"Plaid Mac Coat","$49.00 ","https://www.anntaylor.com/clothing/coats/cat2820007/838779.html?priceSort=ASC","https://anninc.scene7.com/is/image/AN/607632_018551?$fullBplp$"
"Sculpting Pocket Highest Rise Skinny Jeans in Classic Mid Wash","$59.49 ","https://www.anntaylor.com/clothing/jeans/cata000018/591604.html?priceSort=ASC","https://anninc.scene7.com/is/image/AN/838705_1362?$fullBplp$"
"The Sophia Straight Pant","$34.99","https://www.anntaylor.com/clothing/pants/cata000014/592725.html?dwvar_592725_color=8020&priceSort=ASC","https://anninc.scene7.com/is/image/AN/831706_018553?$fullBplp$"
"Fitted Double Breasted Blazer","$41.99","https://www.anntaylor.com/clothing/jackets-and-blazers/cata000017/825199.html?priceSort=ASC","https://anninc.scene7.com/is/image/AN/832039_500082?$fullBplp$"
"ECHO x Ann Taylor Chain & Belt Print Silk Scarf","$31.42","https://www.anntaylor.com/accessories/scarves/cata000022/899303.html?priceSort=ASC","https://anninc.scene7.com/is/image/AN/549422_8559?$fullBplp$"
"Wool Blend Blanket Coat","$48.99","https://www.anntaylor.com/clothing/coats/cat2820007/838225.html?priceSort=ASC","https://anninc.scene7.com/is/image/AN/831905_500082?$fullBplp$"
"Leafed Ruffle Mixed Media Puff Sleeve Top","$59.49","https://www.anntaylor.com/clothing/tops-and-blouses/cata000010/827921.html?priceSort=ASC","https://anninc.scene7.com/is/image/AN/827036_4925"
"Geo Mock Neck Shell","$52.49","https://www.anntaylor.com/clothing/tops-and-blouses/cata000010/838101.html?priceSort=ASC","https://anninc.scene7.com/is/image/AN/826931_500444?$fullBplp$"
"The Kate Wide Leg Crop Pant","$49.00 ","https://www.anntaylor.com/clothing/pants/cata000014/827342.html?dwvar_827342_color=5824&priceSort=ASC","https://anninc.scene7.com/is/image/AN/572891_6901?$fullBplp$"
"Plaid Short Lightweight Knit Jacket","$118.99","https://www.anntaylor.com/clothing/tops-and-blouses/cata000010/832031.html?priceSort=ASC","https://anninc.scene7.com/is/image/AN/838767_2222"
"Half Placket Button Top","$62.99","https://www.anntaylor.com/clothing/tops-and-blouses/cata000010/838213.html?priceSort=ASC","https://anninc.scene7.com/is/image/AN/838672_504434?$fullBplp$"
"The Sophia Straight Pant - Curvy Fit","$143.49","https://www.anntaylor.com/clothing/pants/cata000014/597640.html?priceSort=ASC","https://anninc.scene7.com/is/image/AN/838779_501351?$fullBplp$"
"Drape Neck Dolman Top","$31.42","https://www.anntaylor.com/clothing/tops-and-blouses/cata000010/831759.html?dwvar_831759_color=2222&priceSort=ASC","https://anninc.scene7.com/is/image/AN/591604_2661?$fullBplp$"
"The Kate Wide Leg Crop Pant - Curvy Fit","$31.49","https://www.anntaylor.com/clothing/pants/cata000014/831875.html?dwvar_831875_color=5824&priceSort=ASC","https://anninc.scene7.com/is/image/AN/838710_9192?$fullBplp$"
"Floral Pintucked Ruffle Popover Shell","$41.99","https://www.anntaylor.com/clothing/tops-and-blouses/cata000010/826910.html?priceSort=ASC","https://anninc.scene7.com/is/image/AN/826910_500135?$fullBplp$"
"The Boardwalk Short","$34.92","https://www.anntaylor.com/sale/sale-shorts/cat1690064/581817.html?dwvar_581817_color=9000&priceSort=ASC","https://anninc.scene7.com/is/image/AN/581817_9000?$fullBplp$"
"Paneled Flare Dress","$75.52","https://www.anntaylor.com/clothing/dresses/cata000012/610464.html?priceSort=ASC","https://anninc.scene7.com/is/image/AN/610464_5136?$fullBplp$"
"The Lana Slim Pant","$27.92","https://www.anntaylor.com/clothing/pants/cata000014/603717.html?priceSort=ASC","https://anninc.scene7.com/is/image/AN/615925_3019?$fullBplp$"
"The Long Double Breasted Blazer in Herringbone Linen Blend","$38.42","https://www.anntaylor.com/clothing/suits/cata000013/608837.html?priceSort=ASC","https://anninc.scene7.com/is/image/AN/614867_6739?$fullBplp$"
"Mixed Media Shirred Tie Neck Top","$45.42","https://www.anntaylor.com/clothing/tops-and-blouses/cata000010/610528.html?priceSort=ASC","https://anninc.scene7.com/is/image/AN/603717_9192?$fullBplp$"
"The Pull On Palazzo Pant in Linen Blend","$108.42","https://www.anntaylor.com/clothing/pants/cata000014/613551.html?priceSort=ASC","https://anninc.scene7.com/is/image/AN/608837_7879?$fullBplp$"
"Striped Crossover Neck Wrap Dress","$24.42 ","https://www.anntaylor.com/clothing/dresses/cata000012/609022.html?priceSort=ASC","https://anninc.scene7.com/is/image/AN/616162_3019?$fullBplp$"
"Ruffle V-Neck Blouse","$31.49","https://www.anntaylor.com/clothing/tops-and-blouses/cata000010/614596.html?priceSort=ASC","https://anninc.scene7.com/is/image/AN/610528_5824?$fullBplp$"
"The Side Zip Wide Leg Crop Pant in Plaid","$62.92","https://www.anntaylor.com/clothing/pants/cata000014/616125.html?priceSort=ASC","https://anninc.scene7.com/is/image/AN/613551_9000?$fullBplp$"
"The Relaxed Double Breasted Long Blazer in Linen Blend","$62.92","https://www.anntaylor.com/clothing/jackets-and-blazers/cata000017/608982.html?priceSort=ASC","https://anninc.scene7.com/is/image/AN/609022_9000?$fullBplp$"
"The Tie Waist Pleated Short in Linen Blend","$31.42","https://www.anntaylor.com/613554.html?dwvar_613554_color=2570&priceSort=ASC","https://anninc.scene7.com/is/image/AN/616447_6418?$fullBplp$"
"The Kate Wide Leg Crop Pant - Curvy Fit","$31.49","https://www.anntaylor.com/clothing/pants/cata000014/610332.html?dwvar_610332_color=8187&priceSort=ASC","https://anninc.scene7.com/is/image/AN/608848_2222?$fullBplp$"
"Halter Sweater Shell","$41.99","https://www.anntaylor.com/clothing/sweaters/cata000011/614558.html?dwvar_614558_color=4485&priceSort=ASC","https://anninc.scene7.com/is/image/AN/614596_9192?$fullBplp$"
"Dotted Silky Cropped Open Cardigan","$31.49","https://www.anntaylor.com/clothing/sweaters/cata000011/614827.html?priceSort=ASC","https://anninc.scene7.com/is/image/AN/609445_2222?$fullBplp$"
"The Pull On Wide Leg Pant","$69.92","https://www.anntaylor.com/clothing/pants/cata000014/602405.html?priceSort=ASC","https://anninc.scene7.com/is/image/AN/616125_2222?$fullBplp$"
"The Side Zip Straight Pant in Linen Blend - Curvy Fit","$45.42 ","https://www.anntaylor.com/clothing/pants/cata000014/615480.html?priceSort=ASC","https://anninc.scene7.com/is/image/AN/616058_2222?$fullBplp$"
"Shirred Raglan Sleeve Blouse","$104.92","https://www.anntaylor.com/clothing/tops-and-blouses/cata000010/614598.html?priceSort=ASC","https://anninc.scene7.com/is/image/AN/608982_2570?$fullBplp$"
"The Audrey Crop Pant in Stretch Cotton","$34.92","https://www.anntaylor.com/clothing/pants/cata000014/602192.html?dwvar_602192_color=9000&priceSort=ASC","https://anninc.scene7.com/is/image/AN/613554_2570?$fullBplp$"
"Tropical Smocked Ruffle Flounce Sleeve Popover","$52.42 ","https://www.anntaylor.com/clothing/tops-and-blouses/cata000010/610892.html?priceSort=ASC","https://anninc.scene7.com/is/image/AN/610332_8187?$fullBplp$"
"Sleeveless Mock Neck Top","$34.92","https://www.anntaylor.com/clothing/tops-and-blouses/cata000010/609395.html?dwvar_609395_color=7879&priceSort=ASC","https://anninc.scene7.com/is/image/AN/614558_4485?$fullBplp$"
"The Side Zip Straight Pant in Linen Blend","$38.42","https://www.anntaylor.com/sale/all-sale/cata000055/614761.html?priceSort=ASC","https://anninc.scene7.com/is/image/AN/614827_4485?$fullBplp$"
"Autumnal Leaves Cascading Ruffle Shell","$31.42","https://www.anntaylor.com/clothing/tops-and-blouses/cata000010/838358.html?priceSort=ASC","https://anninc.scene7.com/is/image/AN/602405_2222?$fullBplp$"
"Bobble Mixed Media Flutter Sleeve Top","$69.92","https://www.anntaylor.com/clothing/tops-and-blouses/cata000010/610537.html?priceSort=ASC","https://anninc.scene7.com/is/image/AN/615480_9000?$fullBplp$"
"The Seamed Side Zip Straight Pant","$48.92","https://www.anntaylor.com/clothing/pants/cata000014/613058.html?dwvar_613058_color=8187&priceSort=ASC","https://anninc.scene7.com/is/image/AN/614598_4485?$fullBplp$"
"Striped Pleated Sleeve Shirt","$24.42 ","https://www.anntaylor.com/clothing/tops-and-blouses/cata000010/827165.html?priceSort=ASC","https://anninc.scene7.com/is/image/AN/602192_9000?$fullBplp$"
"Houndstooth Cascading Ruffle Shell","$45.49","https://www.anntaylor.com/clothing/tops-and-blouses/cata000010/838239.html?priceSort=ASC","https://anninc.scene7.com/is/image/AN/610892_9007?$fullBplp$"
"Ribbed Mock Neck Sweater Shell","$24.42","https://www.anntaylor.com/clothing/sweaters/cata000011/579270.html?priceSort=ASC","https://anninc.scene7.com/is/image/AN/609395_7879?$fullBplp$"
"Ribbed Wide Neck Sweater Tee","$69.92","https://www.anntaylor.com/clothing/sweaters/cata000011/610376.html?dwvar_610376_color=1362&priceSort=ASC","https://anninc.scene7.com/is/image/AN/614761_9000?$fullBplp$"
"Petaled Ruffle V-Neck Blouse","$34.99","https://www.anntaylor.com/clothing/tops-and-blouses/cata000010/614597.html?priceSort=ASC","https://anninc.scene7.com/is/image/AN/838358_500485?$fullBplp$"
"Petaled Ruffle Smocked V-Neck Top","$31.42","https://www.anntaylor.com/clothing/tops-and-blouses/cata000010/613853.html?priceSort=ASC","https://anninc.scene7.com/is/image/AN/610537_5136"
"Ruffle V-Neck Top","$38.42","https://www.anntaylor.com/clothing/tops-and-blouses/cata000010/610870.html?priceSort=ASC","https://anninc.scene7.com/is/image/AN/613058_8187?$fullBplp$"
"Mixed Media Pleat Front Top","$48.99","https://www.anntaylor.com/clothing/tops-and-blouses/cata000010/587658.html?dwvar_587658_color=2222&priceSort=ASC","https://anninc.scene7.com/is/image/AN/827165_501426?$fullBplp$"
"Tile Print Side Zip Midi Skirt","$52.49","https://www.anntaylor.com/clothing/skirts-/cata000016/614060.html?priceSort=ASC","https://anninc.scene7.com/is/image/AN/838497_500130?$fullBplp$"
"Plaid Belted V-Neck Shell","$31.42","https://www.anntaylor.com/clothing/tops-and-blouses/cata000010/614795.html?priceSort=ASC","https://anninc.scene7.com/is/image/AN/614795_2222?$fullBplp$"
"Leafed Mixed Media Pleat Front Top","$31.42","https://www.anntaylor.com/clothing/tops-and-blouses/cata000010/613841.html?priceSort=ASC","https://anninc.scene7.com/is/image/AN/613841_9192"
"Square Neck Strappy Halter Top","$20.92","https://www.anntaylor.com/clothing/tops-and-blouses/cata000010/610482.html?priceSort=ASC","https://anninc.scene7.com/is/image/AN/610482_9000?$fullBplp$"
"The Seamed Straight Crop Pant","$31.42 ","https://www.anntaylor.com/clothing/pants/cata000014/602194.html?dwvar_602194_color=1362&priceSort=ASC","https://anninc.scene7.com/is/image/AN/602194_1362?$fullBplp$"
"Raffia Clutch","$62.92","https://www.anntaylor.com/accessories/belts-handbags/cat1860024/608195.html?dwvar_608195_color=0571&priceSort=ASC","https://anninc.scene7.com/is/image/AN/608195_0571?$fullBplp$"
"Floral Smocked Halter Top","$27.92","https://www.anntaylor.com/clothing/tops-and-blouses/cata000010/613784.html?priceSort=ASC","https://anninc.scene7.com/is/image/AN/613784_9000?$fullBplp$"
"The City Short","$45.42","https://www.anntaylor.com/581814.html?priceSort=ASC","https://anninc.scene7.com/is/image/AN/610869_5136?$fullBplp$"
"Ribbed Criss Cross Halter Top","$31.42 ","https://www.anntaylor.com/clothing/tops-and-blouses/cata000010/609434.html?priceSort=ASC","https://anninc.scene7.com/is/image/AN/581814_2158?$fullBplp$"
"The Eva Ankle Pant","$31.42","https://www.anntaylor.com/clothing/pants/cata000014/613545.html?priceSort=ASC","https://anninc.scene7.com/is/image/AN/616154_6822?$fullBplp$"
"The Eva Easy Ankle Pant","$31.42","https://www.anntaylor.com/clothing/pants/cata000014/579748.html?dwvar_579748_color=5136&priceSort=ASC","https://anninc.scene7.com/is/image/AN/609434_9000"
"The Eva Ankle Pant - Curvy Fit","$45.42","https://www.anntaylor.com/clothing/pants/cata000014/614254.html?priceSort=ASC","https://anninc.scene7.com/is/image/AN/613545_9000?$fullBplp$"
"Embroidered Halter Shift Dress","$31.42","https://www.anntaylor.com/clothing/dresses/cata000012/613241.html?priceSort=ASC","https://anninc.scene7.com/is/image/AN/615055_6739?$fullBplp$"
"Gingham Boatneck Tank Top","$48.92 ","https://www.anntaylor.com/clothing/tops-and-blouses/cata000010/613838.html?priceSort=ASC","https://anninc.scene7.com/is/image/AN/579748_5136?$fullBplp$"
"Linen Blend Open Cardigan","$45.42 ","https://www.anntaylor.com/clothing/sweaters/cata000011/611745.html?dwvar_611745_color=9000&priceSort=ASC","https://anninc.scene7.com/is/image/AN/614254_9000?$fullBplp$"
"The Belted Pleated Short in Linen Blend","$55.92","https://www.anntaylor.com/614050.html?dwvar_614050_color=6943&priceSort=ASC","https://anninc.scene7.com/is/image/AN/613241_9000?$fullBplp$"
"Striped Crossover Halter Sweater Dress","$31.42","https://www.anntaylor.com/clothing/dresses/cata000012/608589.html?priceSort=ASC","https://anninc.scene7.com/is/image/AN/615891_4895"
"The Metro Short","$34.92","https://www.anntaylor.com/sale/sale-shorts/cat1690064/581816.html?dwvar_581816_color=2158&priceSort=ASC","https://anninc.scene7.com/is/image/AN/613838_0571?$fullBplp$"
"Glitter Knotted Strappy Sandals","$38.42","https://www.anntaylor.com/shoes/all-shoes/cata000020/613208.html?priceSort=ASC","https://anninc.scene7.com/is/image/AN/611745_9000?$fullBplp$"
"The Boardwalk Short - Curvy Fit","$27.92 ","https://www.anntaylor.com/sale/sale-shorts/cat1690064/587705.html?priceSort=ASC","https://anninc.scene7.com/is/image/AN/614050_6943?$fullBplp$"
"Scoop Neck Short Sleeve Sheath Dress","$66.42","https://www.anntaylor.com/clothing/dresses/cata000012/609137.html?priceSort=ASC","https://anninc.scene7.com/is/image/AN/614698_9192?$fullBplp$"
"The Notched Two Button Blazer","$62.92","https://www.anntaylor.com/clothing/suits/cata000013/603692.html?priceSort=ASC","https://anninc.scene7.com/is/image/AN/608589_2222?$fullBplp$"
"The Straight Pant - Curvy Fit","$55.92","https://www.anntaylor.com/clothing/suits/cata000013/614491.html?priceSort=ASC","https://anninc.scene7.com/is/image/AN/608611_8818?$fullBplp$"
"The Tailored Double Breasted Blazer in Plaid","$48.92","https://www.anntaylor.com/clothing/suits/cata000013/610356.html?priceSort=ASC","https://anninc.scene7.com/is/image/AN/613343_7210?$fullBplp$"
"Cork Ankle Strap Pumps","$34.92","https://www.anntaylor.com/shoes/all-shoes/cata000020/613217.html?priceSort=ASC","https://anninc.scene7.com/is/image/AN/581816_2158?$fullBplp$"
"The Greenwich Blazer in Plaid","$41.92","https://www.anntaylor.com/clothing/jackets-and-blazers/cata000017/608320.html?priceSort=ASC","https://anninc.scene7.com/is/image/AN/613208_3019?$fullBplp$"
"The Seamed Side Zip Straight Pant - Curvy Fit","$31.42 ","https://www.anntaylor.com/clothing/pants/cata000014/613182.html?priceSort=ASC","https://anninc.scene7.com/is/image/AN/587705_0350"
"The Belted Pull On Palazzo Pant in Linen Blend","$52.42 ","https://www.anntaylor.com/clothing/pants/cata000014/608716.html?dwvar_608716_color=2643&priceSort=ASC","https://anninc.scene7.com/is/image/AN/609137_6943"
"Raffia Wrapped Square Hoop Earrings","$111.92","https://www.anntaylor.com/accessories/jewelry/rings/cat2600080/612666.html?priceSort=ASC","https://anninc.scene7.com/is/image/AN/603692_1970?$fullBplp$"
"The Tailored Double Breasted Long Blazer in Linen Blend","$66.42","https://www.anntaylor.com/clothing/jackets-and-blazers/cata000017/613803.html?priceSort=ASC","https://anninc.scene7.com/is/image/AN/614491_1970?$fullBplp$"
"Curvy Sculpting Pocket Mid Rise Skinny Jeans in Mid Stone Wash","$111.92","https://www.anntaylor.com/clothing/jeans/cata000018/549445.html?priceSort=ASC","https://anninc.scene7.com/is/image/AN/610356_7210?$fullBplp$"
"Leafed Mixed Media Shell","$76.92","https://www.anntaylor.com/clothing/tops-and-blouses/cata000010/613840.html?priceSort=ASC","https://anninc.scene7.com/is/image/AN/613217_6418?$fullBplp$"
"The Audrey Ankle Pant - Curvy Fit","$104.92","https://www.anntaylor.com/clothing/pants/cata000014/614535.html?priceSort=ASC","https://anninc.scene7.com/is/image/AN/608320_2643?$fullBplp$"
"The Cutaway Shoulder Wrap Sheath Dress","$41.92","https://www.anntaylor.com/clothing/suits/cata000013/613353.html?priceSort=ASC","https://anninc.scene7.com/is/image/AN/613182_2222?$fullBplp$"
"The Pleated Culotte Pant in Linen Blend","$45.42 ","https://www.anntaylor.com/608663.html?priceSort=ASC","https://anninc.scene7.com/is/image/AN/608716_2643?$fullBplp$"
"Leafed Mixed Media Ruffle Sleeve Split Neck Top","$34.92","https://www.anntaylor.com/clothing/tops-and-blouses/cata000010/613847.html?priceSort=ASC","https://anninc.scene7.com/is/image/AN/613847_5136"
"Dotted Straw Slingback Flats","$55.92 ","https://www.anntaylor.com/shoes/all-shoes/cata000020/613950.html?dwvar_613950_color=2222&priceSort=ASC","https://anninc.scene7.com/is/image/AN/613950_2222"
"Dotted Straw Low Wedge Sandals","$41.92","https://www.anntaylor.com/shoes/all-shoes/cata000020/613226.html?priceSort=ASC","https://anninc.scene7.com/is/image/AN/613226_2222?$fullBplp$"
"Braided Strappy Leather Mule Sandals","$41.92","https://www.anntaylor.com/shoes/all-shoes/cata000020/613188.html?priceSort=ASC","https://anninc.scene7.com/is/image/AN/613188_3379"
"The Sophia Straight Pant in Texture - Curvy Fit","$62.92 ","https://www.anntaylor.com/clothing/pants/cata000014/614224.html?dwvar_614224_color=7210&priceSort=ASC","https://anninc.scene7.com/is/image/AN/615425_2222?$fullBplp$"
"The Sophia Straight Pant in Texture","$34.92","https://www.anntaylor.com/clothing/pants/cata000014/602973.html?dwvar_602973_color=7210&priceSort=ASC","https://anninc.scene7.com/is/image/AN/614224_7210"
"Ribbed Square Neck Sweater Shell","$20.92","https://www.anntaylor.com/clothing/sweaters/cata000011/608568.html?dwvar_608568_color=3591&priceSort=ASC","https://anninc.scene7.com/is/image/AN/613651_0476"
"The Eva Easy Ankle Pant","$41.92","https://www.anntaylor.com/clothing/pants/cata000014/598199.html?priceSort=ASC","https://anninc.scene7.com/is/image/AN/609541_9000?$fullBplp$"
"The Metro Short in Texture","$31.42","https://www.anntaylor.com/608463.html?priceSort=ASC","https://anninc.scene7.com/is/image/AN/602973_7210?$fullBplp$"
"The Greenwich Blazer","$52.42 ","https://www.anntaylor.com/clothing/jackets-and-blazers/cata000017/607644.html?priceSort=ASC","https://anninc.scene7.com/is/image/AN/608668_2222?$fullBplp$"
"Tile Print Cutout Flutter Sleeve Top","$20.92 ","https://www.anntaylor.com/clothing/tops-and-blouses/cata000010/613727.html?priceSort=ASC","https://anninc.scene7.com/is/image/AN/608568_3591?$fullBplp$"
"Curvy Sculpting Pocket Highest Rise Skinny Jeans in Classic Mid Wash","$34.92","https://www.anntaylor.com/clothing/jeans/cata000018/596297.html?priceSort=ASC","https://anninc.scene7.com/is/image/AN/615864_6001"
"Curvy Sculpting Pocket Mid Rise Boot Cut Jeans in Mid Stone Wash","$24.42","https://www.anntaylor.com/clothing/jeans/cata000018/527351.html?priceSort=ASC","https://anninc.scene7.com/is/image/AN/598199_9192"
"Curvy Sculpting Pocket Mid Rise Boot Cut Jeans in Classic Rinse Wash","$31.42","https://www.anntaylor.com/clothing/jeans/cata000018/529383.html?priceSort=ASC","https://anninc.scene7.com/is/image/AN/608463_8818"
"The Straight Pant in Cross Weave","$118.92","https://www.anntaylor.com/clothing/suits/cata000013/603697.html?priceSort=ASC","https://anninc.scene7.com/is/image/AN/607644_9540"
"The High Waist Seamed Pencil Skirt in Cross Weave","$45.42","https://www.anntaylor.com/clothing/suits/cata000013/603706.html?priceSort=ASC","https://anninc.scene7.com/is/image/AN/613727_2643"
"The Side Tuck Wrap Sheath Dress in Cross Weave","$31.42","https://www.anntaylor.com/clothing/suits/cata000013/603702.html?priceSort=ASC","https://anninc.scene7.com/is/image/AN/596297_2661?$fullBplp$"
"The Notched One Button Blazer in Cross Weave","$48.92","https://www.anntaylor.com/clothing/jackets-and-blazers/cata000017/603695.html?dwvar_603695_color=8106&priceSort=ASC","https://anninc.scene7.com/is/image/AN/527351_4484"
"The Wide Leg Pant in Cross Weave","$48.92","https://www.anntaylor.com/clothing/suits/cata000013/603698.html?priceSort=ASC","https://anninc.scene7.com/is/image/AN/529383_2608?$fullBplp$"
"Eyelet Raglan Sleeve Top","$34.92","https://www.anntaylor.com/clothing/tops-and-blouses/cata000010/613245.html?dwvar_613245_color=1362&priceSort=ASC","https://anninc.scene7.com/is/image/AN/612854_1951"
"The Tailored Double Breasted Long Blazer in Linen Blend","$69.92","https://www.anntaylor.com/clothing/jackets-and-blazers/cata000017/614112.html?priceSort=ASC","https://anninc.scene7.com/is/image/AN/603697_8106"
"The Ankle Pant in Double Knit","$55.92","https://www.anntaylor.com/clothing/suits/cata000013/603675.html?priceSort=ASC","https://anninc.scene7.com/is/image/AN/603706_8106"
"Mila Polka Dot Straw Pumps","$55.92","https://www.anntaylor.com/shoes/all-shoes/cata000020/615572.html?priceSort=ASC","https://anninc.scene7.com/is/image/AN/614210_9000"
"Refined Stretch Wrap Top","$10.42","https://www.anntaylor.com/clothing/tops-and-blouses/cata000010/593922.html?dwvar_593922_color=6061&priceSort=ASC","https://anninc.scene7.com/is/image/AN/615909_6418"
"Shimmer Stripe Tile Print Bow Halter Top","$90.92","https://www.anntaylor.com/clothing/tops-and-blouses/cata000010/606832.html?priceSort=ASC","https://anninc.scene7.com/is/image/AN/603702_8106"
"The Wide Leg Pant in Cotton","$101.42","https://www.anntaylor.com/clothing/pants/cata000014/605063.html?priceSort=ASC","https://anninc.scene7.com/is/image/AN/603695_8106"
"Sculpting Pocket High Rise Straight Jeans in Classic Mid Wash","$73.42","https://www.anntaylor.com/clothing/jeans/cata000018/603268.html?priceSort=ASC","https://anninc.scene7.com/is/image/AN/603698_8106"
"Plaid Button Front A-Line Skirt","$52.42","https://www.anntaylor.com/clothing/skirts-/cata000016/604014.html?priceSort=ASC","https://anninc.scene7.com/is/image/AN/615603_6418?$fullBplp$"
"Shimmer Fringe Tweed Skirt","$38.42","https://www.anntaylor.com/clothing/skirts-/cata000016/604039.html?priceSort=ASC","https://anninc.scene7.com/is/image/AN/613245_1362"
"Sculpting Pocket High Rise Straight Jeans in Rinse Wash","$38.42","https://www.anntaylor.com/clothing/jeans/cata000018/606943.html?priceSort=ASC","https://anninc.scene7.com/is/image/AN/614537_1362"
"The Eva Ankle Pant in Plaid - Curvy Fit","$118.92","https://www.anntaylor.com/clothing/pants/cata000014/611408.html?priceSort=ASC","https://anninc.scene7.com/is/image/AN/614112_9133"
"The Side Tie Wrap Top in Plaid","$38.42","https://www.anntaylor.com/clothing/suits/cata000013/603960.html?priceSort=ASC","https://anninc.scene7.com/is/image/AN/608371_1362"
"Button Wrap Tie Waist Pencil Skirt","$59.42","https://www.anntaylor.com/clothing/skirts-/cata000016/604290.html?priceSort=ASC","https://anninc.scene7.com/is/image/AN/603675_2709"
"Floral Tiered Midi Dress","$62.92","https://www.anntaylor.com/clothing/dresses/cata000012/602815.html?priceSort=ASC","https://anninc.scene7.com/is/image/AN/602815_4169"
"Eyelet Peplum Halter Shell","$31.42","https://www.anntaylor.com/clothing/tops-and-blouses/cata000010/606777.html?priceSort=ASC","https://anninc.scene7.com/is/image/AN/606777_2222"
"The Belted Easy Wide Leg Crop Pant","$55.92","https://www.anntaylor.com/clothing/pants/cata000014/602218.html?priceSort=ASC","https://anninc.scene7.com/is/image/AN/602218_8353"
"Floral Embroidered Belted Shift Dress","$55.92","https://www.anntaylor.com/clothing/dresses/cata000012/603914.html?priceSort=ASC","https://anninc.scene7.com/is/image/AN/603914_2222"
"Gingham Tweed Scoop Neck Sheath Dress","$34.92","https://www.anntaylor.com/clothing/dresses/cata000012/607554.html?priceSort=ASC","https://anninc.scene7.com/is/image/AN/607554_8187"
"Button Wrap Tie Waist Pencil Skirt","$27.92","https://www.anntaylor.com/clothing/skirts-/cata000016/607490.html?priceSort=ASC","https://anninc.scene7.com/is/image/AN/607490_0345"
"Floral Cowl Neck Top","$34.99","https://www.anntaylor.com/clothing/tops-and-blouses/cata000010/607608.html?priceSort=ASC","https://anninc.scene7.com/is/image/AN/607608_5498"
"Floral Embroidered Smocked Yoke Blouse","$38.42","https://www.anntaylor.com/clothing/tops-and-blouses/cata000010/611235.html?priceSort=ASC","https://anninc.scene7.com/is/image/AN/611235_2222?$fullBplp$"
"Twill Swing Jacket","$52.42","https://www.anntaylor.com/clothing/jackets-and-blazers/cata000017/607464.html?priceSort=ASC","https://anninc.scene7.com/is/image/AN/607464_0345?$fullBplp$"
"The Kate Wide Leg Crop Sailor Pant","$38.42 ","https://www.anntaylor.com/sale/all-sale/cata000055/598301.html?priceSort=ASC","https://anninc.scene7.com/is/image/AN/598301_8818"
"Floral Embroidered Puff Sleeve Wrap Top","$27.92","https://www.anntaylor.com/sale/sale-tops/cata000045/586426.html?priceSort=ASC","https://anninc.scene7.com/is/image/AN/586426_9000?$fullBplp$"
"Satin Wrap Dress","$69.92","https://www.anntaylor.com/sale/sale-dresses/cata000047/603599.html?priceSort=ASC","https://anninc.scene7.com/is/image/AN/603599_4765"
"Sequin Wrap Top","$34.92","https://www.anntaylor.com/sale/sale-tops/cata000045/598688.html?priceSort=ASC","https://anninc.scene7.com/is/image/AN/598688_2222"
"The High Waist Easy Ankle Pant in Animal Print","$27.92","https://www.anntaylor.com/sale/sale-pants/cata000048/599141.html?priceSort=ASC","https://anninc.scene7.com/is/image/AN/599141_7165"
"Sequin Midi Flare Dress","$111.92","https://www.anntaylor.com/sale/sale-dresses/cata000047/597865.html?priceSort=ASC","https://anninc.scene7.com/is/image/AN/597865_1362"
"Ikat Floral Cowl Neck Top","$38.42","https://www.anntaylor.com/sale/sale-tops/cata000045/602131.html?priceSort=ASC","https://anninc.scene7.com/is/image/AN/602131_9192"
"Sculpting Pocket High Rise Skinny Jeans in Dark Rinse Wash","$17.42","https://www.anntaylor.com/sale/sale-jeans/cat2000002/545556.html?priceSort=ASC","https://anninc.scene7.com/is/image/AN/545556_1264"
"Striped Square Neck Cinched Waist Top","$20.92","https://www.anntaylor.com/sale/sale-tops/cata000045/584752.html?priceSort=ASC","https://anninc.scene7.com/is/image/AN/584752_3591"
"Shimmer Fair Isle Poncho Sweater","$17.42","https://www.anntaylor.com/clothing/sweaters/ponchos-and-kimonos/cat2840009/583213.html?priceSort=ASC","https://anninc.scene7.com/is/image/AN/592708_5013?$fullBplp$"
"Suede High Block Heel Sandals","$31.42","https://www.anntaylor.com/shoes/all-shoes/cata000020/608078.html?priceSort=ASC","https://anninc.scene7.com/is/image/AN/583213_9192?$fullBplp$"
"Suede Block Heel Mule Sandals","$41.92","https://www.anntaylor.com/shoes/all-shoes/cata000020/608100.html?priceSort=ASC","https://anninc.scene7.com/is/image/AN/608078_6418"
"The Belted Taper Pant in Chambray","$41.92","https://www.anntaylor.com/clothing/pants/cata000014/604068.html?priceSort=ASC","https://anninc.scene7.com/is/image/AN/608100_1272?$fullBplp$"
"Lace Cutout Mixed Media Ruffle Neck Blouse","$55.92","https://www.anntaylor.com/clothing/tops-and-blouses/cata000010/604121.html?dwvar_604121_color=9192&priceSort=ASC","https://anninc.scene7.com/is/image/AN/604068_4751"
"Sculpting Pocket Mid Rise Taper Jeans in Classic Indigo Wash","$38.42","https://www.anntaylor.com/clothing/jeans/cata000018/578357.html?priceSort=ASC","https://anninc.scene7.com/is/image/AN/604121_9192?$fullBplp$"
"The Boardwalk Short - Curvy Fit","$55.92","https://www.anntaylor.com/sale/sale-shorts/cat1690064/609581.html?priceSort=ASC","https://anninc.scene7.com/is/image/AN/578357_0698"
"Eyelet Pleated Full Skirt","$34.92","https://www.anntaylor.com/clothing/skirts-/cata000016/604294.html?priceSort=ASC","https://anninc.scene7.com/is/image/AN/609581_0865?$fullBplp$"
"The Seamed Side Zip Straight Pant in Tropical Print","$62.92","https://www.anntaylor.com/sale/all-sale/cata000055/608698.html?priceSort=ASC","https://anninc.scene7.com/is/image/AN/613552_2222?$fullBplp$"
"Criss Cross Halter Sweater Shell","$60.12","https://www.anntaylor.com/clothing/sweaters/cata000011/614082.html?dwvar_614082_color=2570&priceSort=ASC","https://anninc.scene7.com/is/image/AN/604294_9000"
"Floral Strappy Tiered Flare Dress","$69.92","https://www.anntaylor.com/clothing/dresses/cata000012/613785.html?priceSort=ASC","https://anninc.scene7.com/is/image/AN/608698_2221"
"Heathered Lounge Duster","$38.42","https://www.anntaylor.com/clothing/sweaters/cata000011/606255.html?dwvar_606255_color=9672&priceSort=ASC","https://anninc.scene7.com/is/image/AN/614082_2570"
"Heathered Lounge Wide Leg Pants","$66.42","https://www.anntaylor.com/clothing/pants/cata000014/606256.html?dwvar_606256_color=018571&priceSort=ASC","https://anninc.scene7.com/is/image/AN/608787_7879?$fullBplp$"
"The Cutaway Shoulder Tie Waist Dress in Knit","$62.92","https://www.anntaylor.com/clothing/suits/cata000013/607961.html?priceSort=ASC","https://anninc.scene7.com/is/image/AN/613785_9000"
"The Notched One Button Blazer in Linen Blend","$41.92","https://www.anntaylor.com/clothing/jackets-and-blazers/cata000017/613329.html?priceSort=ASC","https://anninc.scene7.com/is/image/AN/606255_9672"
"The Ankle Pant in Linen Blend","$45.49","https://www.anntaylor.com/clothing/pants/cata000014/613332.html?priceSort=ASC","https://anninc.scene7.com/is/image/AN/606256_018571?$fullBplp$"
"The Newbury Blazer in Ottoman","$90.92","https://www.anntaylor.com/clothing/jackets-and-blazers/cata000017/614658.html?priceSort=ASC","https://anninc.scene7.com/is/image/AN/607961_2222"
"Eyelet Ruffle Sleeveless Button Top","$104.92","https://www.anntaylor.com/clothing/tops-and-blouses/cata000010/615647.html?priceSort=ASC","https://anninc.scene7.com/is/image/AN/613329_8847"
"Chain Statement Necklace","$59.42","https://www.anntaylor.com/accessories/jewelry/necklaces/cat2600076/838629.html?priceSort=ASC","https://anninc.scene7.com/is/image/AN/613332_8847"
"Shimmer Mixed Media Tie Back Mock Neck Shell","$31.42","https://www.anntaylor.com/clothing/tops-and-blouses/cata000010/833666.html?priceSort=ASC","https://anninc.scene7.com/is/image/AN/614858_3921"
"Geo Border Shift Dress","$69.92","https://www.anntaylor.com/clothing/dresses/cata000012/826917.html?priceSort=ASC","https://anninc.scene7.com/is/image/AN/826917_501568?$fullBplp$"
"Ribbed Flare Skirt","$54.52","https://www.anntaylor.com/clothing/skirts-/cata000016/838379.html?priceSort=ASC","https://anninc.scene7.com/is/image/AN/838379_4925?$fullBplp$"
"Paneled V-Neck Flare Dress","$87.42","https://www.anntaylor.com/clothing/dresses/cata000012/838229.html?priceSort=ASC","https://anninc.scene7.com/is/image/AN/838229_7978?$fullBplp$"
"Geo Stripe Belted Flare Dress","$66.42","https://www.anntaylor.com/clothing/dresses/cata000012/826958.html?priceSort=ASC","https://anninc.scene7.com/is/image/AN/826958_501564?$fullBplp$"
"Floral Belted Shift Dress","$76.92","https://www.anntaylor.com/clothing/dresses/cata000012/827040.html?priceSort=ASC","https://anninc.scene7.com/is/image/AN/827040_501511?$fullBplp$"
"Floral Pleated Hem Pencil Skirt","$62.92","https://www.anntaylor.com/clothing/skirts-/cata000016/833604.html?priceSort=ASC","https://anninc.scene7.com/is/image/AN/833604_500098?$fullBplp$"
"Belted Mock Neck Dress","$73.42","https://www.anntaylor.com/clothing/dresses/cata000012/831775.html?priceSort=ASC","https://anninc.scene7.com/is/image/AN/831775_2222?$fullBplp$"
"Tie Waist Long Sleeve Sheath Dress","$73.42","https://www.anntaylor.com/clothing/dresses/cata000012/831632.html?priceSort=ASC","https://anninc.scene7.com/is/image/AN/831632_4925?$fullBplp$"
"Leafed Flutter Sleeve Flare Dress","$35.00 ","https://www.anntaylor.com/clothing/dresses/cata000012/838234.html?priceSort=ASC","https://anninc.scene7.com/is/image/AN/608880_2199"
"Pleated Long Sleeve Flare Dress","$83.22","https://www.anntaylor.com/clothing/dresses/cata000012/833880.html?priceSort=ASC","https://anninc.scene7.com/is/image/AN/838234_500489?$fullBplp$"
"Geo Puff Sleeve Shirtdress","$83.22","https://www.anntaylor.com/clothing/dresses/cata000012/838384.html?priceSort=ASC","https://anninc.scene7.com/is/image/AN/833880_1362?$fullBplp$"
"Gathered Bodice Flare Dress","$79.72","https://www.anntaylor.com/clothing/dresses/cata000012/838328.html?priceSort=ASC","https://anninc.scene7.com/is/image/AN/838384_500130?$fullBplp$"
"Floral Cap Sleeve Sheath Dress","$83.92","https://www.anntaylor.com/clothing/dresses/cata000012/838248.html?priceSort=ASC","https://anninc.scene7.com/is/image/AN/838328_2199?$fullBplp$"
"Geo Ruffle Collar Button Top","$94.42","https://www.anntaylor.com/clothing/tops-and-blouses/cata000010/833871.html?priceSort=ASC","https://anninc.scene7.com/is/image/AN/838248_501593?$fullBplp$"
"Crepe Shoulder Button Dolman Mock Neck Top","$20.99 ","https://www.anntaylor.com/clothing/tops-and-blouses/cata000010/838445.html?priceSort=ASC","https://anninc.scene7.com/is/image/AN/834131_018627"
"Dot Bias Midi Slip Skirt","$45.49","https://www.anntaylor.com/clothing/skirts-/cata000016/831559.html?priceSort=ASC","https://anninc.scene7.com/is/image/AN/833871_501305?$fullBplp$"
"Mixed Print Mock Neck Belted Flare Dress","$34.99","https://www.anntaylor.com/clothing/dresses/cata000012/838087.html?priceSort=ASC","https://anninc.scene7.com/is/image/AN/838445_5824?$fullBplp$"
"Tweed Button Pocket Sheath Dress","$125.99","https://www.anntaylor.com/clothing/dresses/cata000012/838325.html?priceSort=ASC","https://anninc.scene7.com/is/image/AN/838238_5824?$fullBplp$"
"Geo Mixed Media Tie Back Mock Neck Shell","$66.42","https://www.anntaylor.com/clothing/tops-and-blouses/cata000010/833750.html?priceSort=ASC","https://anninc.scene7.com/is/image/AN/831559_500014?$fullBplp$"
"Mixed Media Ruffle Flutter Sleeve Top","$111.99","https://www.anntaylor.com/clothing/tops-and-blouses/cata000010/827178.html?priceSort=ASC","https://anninc.scene7.com/is/image/AN/838302_9599?$fullBplp$"
"Tweed Button Pocket Shift Dress","$100.02","https://www.anntaylor.com/clothing/dresses/cata000012/838489.html?priceSort=ASC","https://anninc.scene7.com/is/image/AN/838087_503864?$fullBplp$"
"The Newbury Blazer in Tweed","$83.22","https://www.anntaylor.com/clothing/jackets-and-blazers/cata000017/838117.html?priceSort=ASC","https://anninc.scene7.com/is/image/AN/838325_2222?$fullBplp$"
"Dot Jacquard Ann Cardigan","$34.99","https://www.anntaylor.com/clothing/sweaters/cata000011/838136.html?priceSort=ASC","https://anninc.scene7.com/is/image/AN/833750_503452?$fullBplp$"
"High Waist Denim Boot Skirt in Classic Rinse Wash","$34.99","https://www.anntaylor.com/clothing/skirts-/cata000016/838197.html?priceSort=ASC","https://anninc.scene7.com/is/image/AN/827178_500502?$fullBplp$"
"Raffia Sparkle Hoop Earrings","$62.99","https://www.anntaylor.com/accessories/jewelry/earrings/cat2600079/616155.html?priceSort=ASC","https://anninc.scene7.com/is/image/AN/838401_500014?$fullBplp$"
"Plaid Flounce Skirt","$83.22","https://www.anntaylor.com/clothing/skirts-/cata000016/610082.html?priceSort=ASC","https://anninc.scene7.com/is/image/AN/838489_018553?$fullBplp$"
"Cap Sleeve Pocket Shirtdress","$45.49","https://www.anntaylor.com/clothing/dresses/cata000012/615114.html?priceSort=ASC","https://anninc.scene7.com/is/image/AN/838475_018554?$fullBplp$"
"Striped Puff Sleeve Sheath Dress","$111.99","https://www.anntaylor.com/clothing/dresses/cata000012/614848.html?priceSort=ASC","https://anninc.scene7.com/is/image/AN/833784_2199?$fullBplp$"
"Tropical Belted Sheath Dress","$111.99","https://www.anntaylor.com/clothing/dresses/cata000012/614855.html?priceSort=ASC","https://anninc.scene7.com/is/image/AN/838117_4925?$fullBplp$"
"Puff Sleeve Belted Shirtdress","$83.22","https://www.anntaylor.com/clothing/dresses/cata000012/610540.html?priceSort=ASC","https://anninc.scene7.com/is/image/AN/831704_500014?$fullBplp$"
"Border Floral Puff Sleeve Shirtdress","$55.99","https://www.anntaylor.com/clothing/dresses/cata000012/615115.html?priceSort=ASC","https://anninc.scene7.com/is/image/AN/838136_500026?$fullBplp$"
"Pleated Flare Pocket Dress","$55.99","https://www.anntaylor.com/clothing/dresses/cata000012/614851.html?priceSort=ASC","https://anninc.scene7.com/is/image/AN/826908_501585?$fullBplp$"
"Button Tab A-Line Skirt","$60.82 ","https://www.anntaylor.com/clothing/skirts-/cata000016/609369.html?priceSort=ASC","https://anninc.scene7.com/is/image/AN/609369_4485?$fullBplp$"
"Plaid Mock Neck Top","$38.49","https://www.anntaylor.com/clothing/tops-and-blouses/cata000010/614798.html?priceSort=ASC","https://anninc.scene7.com/is/image/AN/614798_5824"
"The Pull On Taper Pant in Plaid","$41.99","https://www.anntaylor.com/clothing/pants/cata000014/614027.html?priceSort=ASC","https://anninc.scene7.com/is/image/AN/613856_9192?$fullBplp$"
"Plaid Boatneck Tank Top","$45.49","https://www.anntaylor.com/clothing/tops-and-blouses/cata000010/614797.html?priceSort=ASC","https://anninc.scene7.com/is/image/AN/608404_9192?$fullBplp$"
"Pique Double Breasted Jacket","$62.92","https://www.anntaylor.com/clothing/jackets-and-blazers/cata000017/610281.html?priceSort=ASC","https://anninc.scene7.com/is/image/AN/614027_3062"
"Pleat Neck Top","$38.49","https://www.anntaylor.com/clothing/tops-and-blouses/cata000010/604322.html?priceSort=ASC","https://anninc.scene7.com/is/image/AN/614797_3062?$fullBplp$"
"Plaid Fringe Tweed Blazer","$104.92","https://www.anntaylor.com/clothing/jackets-and-blazers/cata000017/610273.html?priceSort=ASC","https://anninc.scene7.com/is/image/AN/610281_5824?$fullBplp$"
"Petaled Twist Neck Tee","$45.49","https://www.anntaylor.com/clothing/tops-and-blouses/cata000010/613851.html?priceSort=ASC","https://anninc.scene7.com/is/image/AN/604322_1362"
"Ikat Boatneck Sheath Dress","$118.92","https://www.anntaylor.com/clothing/dresses/cata000012/610401.html?priceSort=ASC","https://anninc.scene7.com/is/image/AN/610273_5824"
"Border Floral Smocked Waist Top","$41.99","https://www.anntaylor.com/clothing/tops-and-blouses/cata000010/614594.html?priceSort=ASC","https://anninc.scene7.com/is/image/AN/614592_2222"
"Bobble Flutter Sleeve Top","$34.99","https://www.anntaylor.com/clothing/tops-and-blouses/cata000010/610051.html?priceSort=ASC","https://anninc.scene7.com/is/image/AN/613851_4485"
"Belted V-Neck Shell","$83.22","https://www.anntaylor.com/clothing/tops-and-blouses/cata000010/614794.html?priceSort=ASC","https://anninc.scene7.com/is/image/AN/610401_9192?$fullBplp$"
"Ruffle Shoulder Sweater Shell","$45.49","https://www.anntaylor.com/clothing/sweaters/cata000011/614821.html?dwvar_614821_color=3062&priceSort=ASC","https://anninc.scene7.com/is/image/AN/614594_3062?$fullBplp$"
"Stripe Textured Scoop Neck Sweater Jacket","$38.49","https://www.anntaylor.com/clothing/sweaters/cata000011/609509.html?priceSort=ASC","https://anninc.scene7.com/is/image/AN/610051_3062?$fullBplp$"
"Tropical Tie Waist Flare Dress","$34.99","https://www.anntaylor.com/clothing/dresses/cata000012/615113.html?priceSort=ASC","https://anninc.scene7.com/is/image/AN/614794_4485?$fullBplp$"
"Petaled Ruffle Pleated Flare Dress","$48.99","https://www.anntaylor.com/clothing/dresses/cata000012/610594.html?priceSort=ASC","https://anninc.scene7.com/is/image/AN/614586_2222"
"Border Floral Flutter Sleeve Shift Dress","$41.99","https://www.anntaylor.com/clothing/dresses/cata000012/614853.html?priceSort=ASC","https://anninc.scene7.com/is/image/AN/609428_3062?$fullBplp$"
"Off The Shoulder Wrap Top","$38.42","https://www.anntaylor.com/clothing/tops-and-blouses/cata000010/615712.html?priceSort=ASC","https://anninc.scene7.com/is/image/AN/614821_3062"
"Tropical Flutter Sleeve Midi Flare Dress","$73.49","https://www.anntaylor.com/clothing/dresses/cata000012/615116.html?priceSort=ASC","https://anninc.scene7.com/is/image/AN/609509_0144?$fullBplp$"
"Border Floral Pull On Pencil Pocket Skirt","$83.22","https://www.anntaylor.com/clothing/skirts-/cata000016/615112.html?priceSort=ASC","https://anninc.scene7.com/is/image/AN/610466_9007"
"Plaid Pull On Pencil Skirt","$100.02","https://www.anntaylor.com/clothing/skirts-/cata000016/610056.html?priceSort=ASC","https://anninc.scene7.com/is/image/AN/615113_4485"
"The Hutton Blazer in Twill","$94.42","https://www.anntaylor.com/clothing/jackets-and-blazers/cata000017/614659.html?priceSort=ASC","https://anninc.scene7.com/is/image/AN/610594_2222"
"Button Pocket Shift Dress","$94.42","https://www.anntaylor.com/clothing/dresses/cata000012/610649.html?priceSort=ASC","https://anninc.scene7.com/is/image/AN/614853_3062"
"Petaled Pleated Flare Dress","$27.99","https://www.anntaylor.com/clothing/dresses/cata000012/610606.html?priceSort=ASC","https://anninc.scene7.com/is/image/AN/615712_5824"
"Cap Sleeve Pocket Shirtdress","$100.02","https://www.anntaylor.com/clothing/dresses/cata000012/610531.html?dwvar_610531_color=4485&priceSort=ASC","https://anninc.scene7.com/is/image/AN/615116_9007?$fullBplp$"
"Freshwater Pearl Beaded Statement Necklace","$54.52","https://www.anntaylor.com/accessories/jewelry/necklaces/cat2600076/615897.html?priceSort=ASC","https://anninc.scene7.com/is/image/AN/615112_9007?$fullBplp$"
"Geo Sleeveless Wrap Dress","$54.52","https://www.anntaylor.com/clothing/dresses/cata000012/615311.html?priceSort=ASC","https://anninc.scene7.com/is/image/AN/610056_3062"
"Cotton Linen Button Sheath Dress","$104.92","https://www.anntaylor.com/clothing/dresses/cata000012/608661.html?priceSort=ASC","https://anninc.scene7.com/is/image/AN/614659_3062"
"Floral Sleeveless Flare Dress","$88.82","https://www.anntaylor.com/clothing/dresses/cata000012/609593.html?priceSort=ASC","https://anninc.scene7.com/is/image/AN/610649_5824?$fullBplp$"
"Sweetheart Neck Sheath Dress","$88.82","https://www.anntaylor.com/clothing/dresses/cata000012/610532.html?priceSort=ASC","https://anninc.scene7.com/is/image/AN/610606_4485"
"Double V Belted Sheath Dress","$88.82","https://www.anntaylor.com/clothing/dresses/cata000012/614108.html?priceSort=ASC","https://anninc.scene7.com/is/image/AN/614850_2222?$fullBplp$"
"Linen Blend Halter Sheath Dress","$88.82","https://www.anntaylor.com/clothing/dresses/cata000012/609726.html?priceSort=ASC","https://anninc.scene7.com/is/image/AN/610531_4485?$fullBplp$"
"Scarf Print Linen Blend Crossover Halter Dress","$38.42","https://www.anntaylor.com/clothing/dresses/cata000012/610525.html?priceSort=ASC","https://anninc.scene7.com/is/image/AN/615897_4895?$fullBplp$"
"Dotted Puff Sleeve Belted Flare Dress","$55.92","https://www.anntaylor.com/clothing/dresses/cata000012/614097.html?priceSort=ASC","https://anninc.scene7.com/is/image/AN/615311_2222"
"Floral Scoop Neck Sheath Dress","$66.42","https://www.anntaylor.com/clothing/dresses/cata000012/609685.html?priceSort=ASC","https://anninc.scene7.com/is/image/AN/608661_1333?$fullBplp$"
"Scarf Print Sleeveless Wrap Dress","$69.92","https://www.anntaylor.com/clothing/dresses/cata000012/614553.html?priceSort=ASC","https://anninc.scene7.com/is/image/AN/614661_9000"
"Bias Slip Skirt","$53.12","https://www.anntaylor.com/clothing/skirts-/cata000016/616174.html?priceSort=ASC","https://anninc.scene7.com/is/image/AN/616174_3921?$fullBplp$"
"Eyelet Gathered Flare Dress","$83.92","https://www.anntaylor.com/clothing/dresses/cata000012/609615.html?priceSort=ASC","https://anninc.scene7.com/is/image/AN/609615_2222"
"Floral Pull On Pencil Skirt","$48.22","https://www.anntaylor.com/clothing/skirts-/cata000016/614054.html?priceSort=ASC","https://anninc.scene7.com/is/image/AN/614054_5136"
"Linen Blend Sleeveless Wrap Dress","$55.92","https://www.anntaylor.com/clothing/dresses/cata000012/609729.html?priceSort=ASC","https://anninc.scene7.com/is/image/AN/610156_0571?$fullBplp$"
"Geo Linen Blend Shift Dress","$70.62","https://www.anntaylor.com/clothing/dresses/cata000012/615101.html?priceSort=ASC","https://anninc.scene7.com/is/image/AN/609729_9133?$fullBplp$"
"Woven Leather Mule Sandals","$70.62","https://www.anntaylor.com/shoes/all-shoes/cata000020/grp_613197_3019.html?priceSort=ASC","https://anninc.scene7.com/is/image/AN/615101_0571"
"Palm Belted Full Skirt","$53.12","https://www.anntaylor.com/clothing/skirts-/cata000016/609477.html?priceSort=ASC","https://anninc.scene7.com/is/image/AN/614055_9000?$fullBplp$"
"Scoop Neck Short Sleeve Sheath Dress","$31.49","https://www.anntaylor.com/clothing/dresses/cata000012/610465.html?priceSort=ASC","https://anninc.scene7.com/is/image/AN/613741_1362?$fullBplp$"
"Tile Wrap Flare Dress","$41.92","https://www.anntaylor.com/clothing/dresses/cata000012/614666.html?priceSort=ASC","https://anninc.scene7.com/is/image/AN/613197_9133"
"Palm Embroidered Halter Flare Dress","$72.02","https://www.anntaylor.com/clothing/dresses/cata000012/610458.html?priceSort=ASC","https://anninc.scene7.com/is/image/AN/609477_2221"
"Floral Bobble Mixed Media Flutter Sleeve Top","$88.82","https://www.anntaylor.com/clothing/tops-and-blouses/cata000010/613843.html?priceSort=ASC","https://anninc.scene7.com/is/image/AN/614102_9192"
"Palm Linen Blend Boatneck Top","$55.92 ","https://www.anntaylor.com/clothing/tops-and-blouses/cata000010/614878.html?priceSort=ASC","https://anninc.scene7.com/is/image/AN/610465_5824?$fullBplp$"
"Eyelet Belted Flare Dress","$75.52","https://www.anntaylor.com/clothing/dresses/cata000012/615554.html?priceSort=ASC","https://anninc.scene7.com/is/image/AN/614666_1362"
"The Pleated Culotte Pant","$83.92","https://www.anntaylor.com/sale/all-sale/cata000055/608658.html?dwvar_608658_color=2222&priceSort=ASC","https://anninc.scene7.com/is/image/AN/610458_5824"
"Palm Belted Flare Dress","$48.22","https://www.anntaylor.com/clothing/dresses/cata000012/614552.html?priceSort=ASC","https://anninc.scene7.com/is/image/AN/609362_5136?$fullBplp$"
"Silky Cropped Open Cardigan","$38.42","https://www.anntaylor.com/clothing/sweaters/cata000011/610396.html?dwvar_610396_color=4021&priceSort=ASC","https://anninc.scene7.com/is/image/AN/613843_9192"
"Silky Ribbed Sweater Tee","$45.42","https://www.anntaylor.com/clothing/sweaters/cata000011/614084.html?dwvar_614084_color=9000&priceSort=ASC","https://anninc.scene7.com/is/image/AN/614878_2221"
"Strappy Slip Dress","$73.42","https://www.anntaylor.com/clothing/dresses/cata000012/609669.html?priceSort=ASC","https://anninc.scene7.com/is/image/AN/615554_9192?$fullBplp$"
"Linen Blend Boatneck Top","$55.92","https://www.anntaylor.com/clothing/tops-and-blouses/cata000010/608331.html?dwvar_608331_color=5824&priceSort=ASC","https://anninc.scene7.com/is/image/AN/608658_2222"
"Linen Relaxed Roll Tab Perfect Shirt","$41.92","https://www.anntaylor.com/clothing/tops-and-blouses/cata000010/608773.html?priceSort=ASC","https://anninc.scene7.com/is/image/AN/609366_9192"
"Scarf Print Linen Blend Sarong Skirt","$27.92","https://www.anntaylor.com/clothing/skirts-/cata000016/614049.html?priceSort=ASC","https://anninc.scene7.com/is/image/AN/613769_0571"
"Ruffle Pintucked Popover Shell","$48.22","https://www.anntaylor.com/clothing/tops-and-blouses/cata000010/580090.html?dwvar_580090_color=2222&priceSort=ASC","https://anninc.scene7.com/is/image/AN/614048_2222"
"Mixed Media Ruffle Puff Sleeve Top","$31.42 ","https://www.anntaylor.com/clothing/tops-and-blouses/cata000010/607534.html?dwvar_607534_color=0571&priceSort=ASC","https://anninc.scene7.com/is/image/AN/610392_018571?$fullBplp$"
"Dotted Shirred Shift Dress","$48.92","https://www.anntaylor.com/clothing/dresses/cata000012/608714.html?priceSort=ASC","https://anninc.scene7.com/is/image/AN/610379_2222"
"Dotted Knot Sleeve Top","$100.02","https://www.anntaylor.com/clothing/tops-and-blouses/cata000010/613817.html?priceSort=ASC","https://anninc.scene7.com/is/image/AN/614552_2221"
"The Lana Slim Pant in Plaid","$52.42","https://www.anntaylor.com/sale/all-sale/cata000055/608303.html?priceSort=ASC","https://anninc.scene7.com/is/image/AN/610396_4021?$fullBplp$"
"Mixed Media Angel Sleeve Top","$34.92","https://www.anntaylor.com/clothing/tops-and-blouses/cata000010/613605.html?priceSort=ASC","https://anninc.scene7.com/is/image/AN/614084_9000"
"Pima Cotton V-Neck Tee","$27.92","https://www.anntaylor.com/clothing/tops-and-blouses/cata000010/607027.html?dwvar_607027_color=2222&priceSort=ASC","https://anninc.scene7.com/is/image/AN/615843_9000?$fullBplp$"
"Scoop Neck Sheath Dress","$94.42","https://www.anntaylor.com/clothing/dresses/cata000012/613549.html?priceSort=ASC","https://anninc.scene7.com/is/image/AN/609669_6739?$fullBplp$"
"Flutter Sleeve Flare Dress","$41.92","https://www.anntaylor.com/clothing/dresses/cata000012/613237.html?priceSort=ASC","https://anninc.scene7.com/is/image/AN/608331_5824"
"Cutout Back Flare Halter Dress","$52.42","https://www.anntaylor.com/clothing/dresses/cata000012/609016.html?priceSort=ASC","https://anninc.scene7.com/is/image/AN/608773_9000"
"Gathered Sleeveless Flare Dress","$61.52","https://www.anntaylor.com/clothing/dresses/cata000012/609039.html?priceSort=ASC","https://anninc.scene7.com/is/image/AN/614049_9000"
"The Hutton Blazer in Pique Texture","$38.42","https://www.anntaylor.com/clothing/jackets-and-blazers/cata000017/608309.html?priceSort=ASC","https://anninc.scene7.com/is/image/AN/580090_2222"
"Embroidered Midi Halter Dress","$34.92","https://www.anntaylor.com/clothing/dresses/cata000012/608985.html?priceSort=ASC","https://anninc.scene7.com/is/image/AN/607534_0571?$fullBplp$"
"Striped Linen Blend Halter Pocket Dress","$55.92","https://www.anntaylor.com/clothing/dresses/cata000012/613791.html?priceSort=ASC","https://anninc.scene7.com/is/image/AN/613791_7879?$fullBplp$"
"Wave Button Back Halter Top","$48.92","https://www.anntaylor.com/clothing/tops-and-blouses/cata000010/608451.html?priceSort=ASC","https://anninc.scene7.com/is/image/AN/613722_1362?$fullBplp$"
"The Sophia Straight Pant in Linen Blend - Curvy Fit","$62.99","https://www.anntaylor.com/clothing/pants/cata000014/614546.html?priceSort=ASC","https://anninc.scene7.com/is/image/AN/611125_9000?$fullBplp$"
"Square Neck Strappy Tank Top","$34.92","https://www.anntaylor.com/clothing/tops-and-blouses/cata000010/614051.html?dwvar_614051_color=2643&priceSort=ASC","https://anninc.scene7.com/is/image/AN/608451_8818?$fullBplp$"
"Tile Print Wrap Flare Dress","$69.92","https://www.anntaylor.com/clothing/dresses/cata000012/613235.html?priceSort=ASC","https://anninc.scene7.com/is/image/AN/614546_9133"
"Floral Tie Waist Sheath Dress","$31.42","https://www.anntaylor.com/clothing/dresses/cata000012/609089.html?priceSort=ASC","https://anninc.scene7.com/is/image/AN/614051_2643?$fullBplp$"
"Floral Cotton Linen Sheath Dress","$62.92","https://www.anntaylor.com/clothing/dresses/cata000012/613550.html?priceSort=ASC","https://anninc.scene7.com/is/image/AN/613235_2643"
"The Belted Boatneck Sheath Dress in Herringbone Linen Blend","$55.92","https://www.anntaylor.com/clothing/suits/cata000013/608816.html?priceSort=ASC","https://anninc.scene7.com/is/image/AN/609089_5824?$fullBplp$"
"Floral Flutter Sleeve Shift Dress","$55.92","https://www.anntaylor.com/clothing/dresses/cata000012/613541.html?priceSort=ASC","https://anninc.scene7.com/is/image/AN/613550_9000"
"Spotted Ruffle Belted Flare Dress","$90.99","https://www.anntaylor.com/clothing/dresses/cata000012/613786.html?priceSort=ASC","https://anninc.scene7.com/is/image/AN/608816_9000?$fullBplp$"
"The Ankle Pant in Linen Blend","$83.92","https://www.anntaylor.com/clothing/suits/cata000013/610548.html?priceSort=ASC","https://anninc.scene7.com/is/image/AN/613257_9000?$fullBplp$"
"The Pleated Straight Ankle Pant in Chino","$48.22","https://www.anntaylor.com/clothing/pants/cata000014/608706.html?priceSort=ASC","https://anninc.scene7.com/is/image/AN/613541_8818?$fullBplp$"
"The One Button Blazer","$62.92","https://www.anntaylor.com/clothing/suits/cata000013/613350.html?priceSort=ASC","https://anninc.scene7.com/is/image/AN/613786_1362?$fullBplp$"
"Cutout Pocket Shirtdress","$59.42","https://www.anntaylor.com/clothing/dresses/cata000012/608724.html?priceSort=ASC","https://anninc.scene7.com/is/image/AN/610548_7879?$fullBplp$"
"V-Neck Tank Top","$55.92","https://www.anntaylor.com/clothing/tops-and-blouses/cata000010/608715.html?dwvar_608715_color=9000&priceSort=ASC","https://anninc.scene7.com/is/image/AN/608706_7879?$fullBplp$"
"Floral Halter Maxi Dress","$104.92","https://www.anntaylor.com/clothing/dresses/cata000012/614072.html?priceSort=ASC","https://anninc.scene7.com/is/image/AN/613350_1970?$fullBplp$"
"The Belted V-Neck Sheath Dress in Plaid","$73.42","https://www.anntaylor.com/clothing/suits/cata000013/613341.html?priceSort=ASC","https://anninc.scene7.com/is/image/AN/614521_1970?$fullBplp$"
"The Pencil Skirt in Plaid","$94.42","https://www.anntaylor.com/clothing/suits/cata000013/613339.html?priceSort=ASC","https://anninc.scene7.com/is/image/AN/608724_1362?$fullBplp$"
"Floral Eyelet Shift Dress","$20.92 ","https://www.anntaylor.com/clothing/dresses/cata000012/614076.html?priceSort=ASC","https://anninc.scene7.com/is/image/AN/608715_9000?$fullBplp$"
"Suede Stiletto Sandals","$62.92","https://www.anntaylor.com/shoes/all-shoes/cata000020/613952.html?priceSort=ASC","https://anninc.scene7.com/is/image/AN/614072_1178?$fullBplp$"
"The High Rise Eva Ankle Pant in Linen Blend - Curvy Fit","$66.42","https://www.anntaylor.com/clothing/pants/cata000014/614400.html?priceSort=ASC","https://anninc.scene7.com/is/image/AN/613289_2222"
"Floral Gathered Sleeveless Flare Dress","$94.42","https://www.anntaylor.com/clothing/dresses/cata000012/609019.html?priceSort=ASC","https://anninc.scene7.com/is/image/AN/613341_7210?$fullBplp$"
"Ottoman Scoop Neck Sheath Dress","$59.42","https://www.anntaylor.com/clothing/dresses/cata000012/613514.html?priceSort=ASC","https://anninc.scene7.com/is/image/AN/613339_7210?$fullBplp$"
"Square Neck Hi-Lo Flare Dress","$62.92","https://www.anntaylor.com/clothing/dresses/cata000012/608605.html?priceSort=ASC","https://anninc.scene7.com/is/image/AN/614076_6943?$fullBplp$"
"Floral Button Flare Dress","$41.92","https://www.anntaylor.com/clothing/dresses/cata000012/614094.html?priceSort=ASC","https://anninc.scene7.com/is/image/AN/613952_5824?$fullBplp$"
"Floral Pencil Skirt","$48.92","https://www.anntaylor.com/clothing/skirts-/cata000016/609371.html?priceSort=ASC","https://anninc.scene7.com/is/image/AN/614400_2643?$fullBplp$"
"Multicolored Tweed Double V Shift Dress","$55.99","https://www.anntaylor.com/clothing/dresses/cata000012/613797.html?priceSort=ASC","https://anninc.scene7.com/is/image/AN/610605_9000?$fullBplp$"
"The Trouser Pant","$100.02","https://www.anntaylor.com/clothing/suits/cata000013/613799.html?priceSort=ASC","https://anninc.scene7.com/is/image/AN/609019_1362"
"The Sophia Straight Pant in Linen Blend","$55.92","https://www.anntaylor.com/clothing/pants/cata000014/614146.html?priceSort=ASC","https://anninc.scene7.com/is/image/AN/613514_2222?$fullBplp$"
"The Belted Short in Linen Blend","$55.92","https://www.anntaylor.com/608631.html?priceSort=ASC","https://anninc.scene7.com/is/image/AN/608605_2643?$fullBplp$"
"Shimmer Tweed Sailor Pencil Skirt","$62.92","https://www.anntaylor.com/clothing/skirts-/cata000016/609383.html?priceSort=ASC","https://anninc.scene7.com/is/image/AN/614094_9000"
"Floral Shadow Sleeveless Wrap Dress","$41.92","https://www.anntaylor.com/clothing/dresses/cata000012/613539.html?priceSort=ASC","https://anninc.scene7.com/is/image/AN/609371_9000?$fullBplp$"
"Floral Flutter Sleeve Belted Flare Dress","$48.22","https://www.anntaylor.com/clothing/dresses/cata000012/610620.html?priceSort=ASC","https://anninc.scene7.com/is/image/AN/613797_0222?$fullBplp$"
"Texture Stitch Sweater","$73.42","https://www.anntaylor.com/clothing/sweaters/cata000011/609502.html?priceSort=ASC","https://anninc.scene7.com/is/image/AN/613799_1970"
"The Wide Leg Sailor Pant in Chino","$69.92","https://www.anntaylor.com/clothing/pants/cata000014/608531.html?dwvar_608531_color=9000&priceSort=ASC","https://anninc.scene7.com/is/image/AN/614146_9133?$fullBplp$"
"Cowl Neck Top","$34.92","https://www.anntaylor.com/clothing/tops-and-blouses/cata000010/606790.html?dwvar_606790_color=2222&priceSort=ASC","https://anninc.scene7.com/is/image/AN/608631_9000"
"Shimmer Tile Print Pleated Midi Dress","$41.92","https://www.anntaylor.com/clothing/dresses/cata000012/604478.html?priceSort=ASC","https://anninc.scene7.com/is/image/AN/609383_5824?$fullBplp$"
"Tile Print Tie Neck Dress","$24.42","https://www.anntaylor.com/clothing/dresses/cata000012/605059.html?priceSort=ASC","https://anninc.scene7.com/is/image/AN/609429_018571?$fullBplp$"
"Floral Square Neck Sheath Dress","$62.92","https://www.anntaylor.com/clothing/dresses/cata000012/604461.html?priceSort=ASC","https://anninc.scene7.com/is/image/AN/613539_2222?$fullBplp$"
"The Seamed Straight Crop Pant","$41.92","https://www.anntaylor.com/clothing/pants/cata000014/602126.html?priceSort=ASC","https://anninc.scene7.com/is/image/AN/602126_9192?$fullBplp$"
"Eyelet Peplum Halter Shell","$27.92","https://www.anntaylor.com/clothing/tops-and-blouses/cata000010/606840.html?priceSort=ASC","https://anninc.scene7.com/is/image/AN/604057_8581?$fullBplp$"
"Straw Wedge Sandals","$41.99","https://www.anntaylor.com/shoes/all-shoes/cata000020/608121.html?priceSort=ASC","https://anninc.scene7.com/is/image/AN/611595_0345?$fullBplp$"
"Plaid Pima Cotton Crew Neck Top","$66.49","https://www.anntaylor.com/clothing/tops-and-blouses/cata000010/607065.html?priceSort=ASC","https://anninc.scene7.com/is/image/AN/606844_1362"
"Drop Shoulder Popover","$45.49","https://www.anntaylor.com/clothing/tops-and-blouses/cata000010/591906.html?priceSort=ASC","https://anninc.scene7.com/is/image/AN/606840_8376?$fullBplp$"
"The Cotton Crop Pant - Curvy Fit","$34.92","https://www.anntaylor.com/clothing/pants/cata000014/587312.html?dwvar_587312_color=9000&priceSort=ASC","https://anninc.scene7.com/is/image/AN/610942_1362?$fullBplp$"
"The Cotton Crop Pant","$55.92","https://www.anntaylor.com/clothing/pants/cata000014/581815.html?dwvar_581815_color=9000&priceSort=ASC","https://anninc.scene7.com/is/image/AN/608121_6418"
"Striped Open Poncho","$48.92","https://www.anntaylor.com/clothing/sweaters/ponchos-and-kimonos/cat2840009/610500.html?priceSort=ASC","https://anninc.scene7.com/is/image/AN/611412_9192?$fullBplp$"
"Tweed Square Neck Shift Dress","$17.49","https://www.anntaylor.com/clothing/dresses/cata000012/603906.html?priceSort=ASC","https://anninc.scene7.com/is/image/AN/607065_4169?$fullBplp$"
"Ruffle Neck Elbow Sleeve Top","$38.42 ","https://www.anntaylor.com/clothing/tops-and-blouses/cata000010/603016.html?dwvar_603016_color=9000&priceSort=ASC","https://anninc.scene7.com/is/image/AN/591906_1615?$fullBplp$"
"The Sleeveless V-Neck Flare Dress in Double Knit","$34.92 ","https://www.anntaylor.com/clothing/suits/cata000013/603986.html?priceSort=ASC","https://anninc.scene7.com/is/image/AN/587312_9000"
"Stretch Cotton Tee","$41.92 ","https://www.anntaylor.com/clothing/tops-and-blouses/cata000010/606951.html?priceSort=ASC","https://anninc.scene7.com/is/image/AN/581815_9000?$fullBplp$"
"Tie Neck Top","$27.92","https://www.anntaylor.com/clothing/tops-and-blouses/cata000010/597441.html?priceSort=ASC","https://anninc.scene7.com/is/image/AN/610500_3164"
"Floral Belted Pocket Shirtdress","$34.92","https://www.anntaylor.com/clothing/dresses/cata000012/602763.html?priceSort=ASC","https://anninc.scene7.com/is/image/AN/603906_2709"
"Ruffle Button Top","$59.42","https://www.anntaylor.com/clothing/tops-and-blouses/cata000010/605211.html?priceSort=ASC","https://anninc.scene7.com/is/image/AN/610125_2709?$fullBplp$"
"Sculpting Pocket Mid Rise Taper Jeans in Rinse Wash","$24.49","https://www.anntaylor.com/clothing/jeans/cata000018/597307.html?priceSort=ASC","https://anninc.scene7.com/is/image/AN/603016_9000?$fullBplp$"
"Belted Pleated Flare Dress","$87.42","https://www.anntaylor.com/clothing/dresses/cata000012/602832.html?priceSort=ASC","https://anninc.scene7.com/is/image/AN/603986_2709?$fullBplp$"
"Suede Blade Heel Slingback Pumps","$20.99","https://www.anntaylor.com/shoes/all-shoes/cata000020/608132.html?priceSort=ASC","https://anninc.scene7.com/is/image/AN/606951_2222"
"Cowl Neck Top","$41.99","https://www.anntaylor.com/clothing/tops-and-blouses/cata000010/592680.html?priceSort=ASC","https://anninc.scene7.com/is/image/AN/597441_2222?$fullBplp$"
"Striped Tie Neck Top","$55.92","https://www.anntaylor.com/clothing/tops-and-blouses/cata000010/605342.html?priceSort=ASC","https://anninc.scene7.com/is/image/AN/602763_1362?$fullBplp$"
"Sculpting Pocket Mid Rise Taper Jeans in Light Vintage Indigo Wash","$48.99","https://www.anntaylor.com/clothing/jeans/cata000018/578169.html?priceSort=ASC","https://anninc.scene7.com/is/image/AN/605211_9192?$fullBplp$"
"The Kate Wide Leg Crop Pant","$34.92","https://www.anntaylor.com/clothing/pants/cata000014/593948.html?priceSort=ASC","https://anninc.scene7.com/is/image/AN/597307_6147?$fullBplp$"
"Plaid Knit Top","$87.42","https://www.anntaylor.com/sale/sale-tops/cata000045/574539.html?priceSort=ASC","https://anninc.scene7.com/is/image/AN/603956_6004?$fullBplp$"
"Lace Pencil Skirt","$111.92","https://www.anntaylor.com/sale/all-sale/cata000055/603423.html?priceSort=ASC","https://anninc.scene7.com/is/image/AN/606955_2222?$fullBplp$"
"Floral Shawl Collar Wrap Top","$100.02","https://www.anntaylor.com/598542.html?priceSort=ASC","https://anninc.scene7.com/is/image/AN/602832_1362?$fullBplp$"
"The Hutton Blazer in Herringbone Knit","$52.42","https://www.anntaylor.com/clothing/jackets-and-blazers/cata000017/593251.html?priceSort=ASC","https://anninc.scene7.com/is/image/AN/608132_2222?$fullBplp$"
"The Belted Taper Pant in Faux Leather","$27.99","https://www.anntaylor.com/sale/sale-pants/cata000048/597024.html?dwvar_597024_color=2114&priceSort=ASC","https://anninc.scene7.com/is/image/AN/592680_2222"
"Windowpane Sweater Tee","$41.99","https://www.anntaylor.com/clothing/sweaters/cata000011/599166.html?priceSort=ASC","https://anninc.scene7.com/is/image/AN/605342_8818?$fullBplp$"
"The Side Zip Legging","$34.92","https://www.anntaylor.com/sale/sale-pants/cata000048/573449.html?priceSort=ASC","https://anninc.scene7.com/is/image/AN/578169_1539?$fullBplp$"
"The Wrap Belted Sheath Dress in Airy Wool Blend","$62.92","https://www.anntaylor.com/sale/sale-suits/cat370058/592820.html?priceSort=ASC","https://anninc.scene7.com/is/image/AN/593948_2222?$fullBplp$"
"Velvet Raglan Tee","$10.42","https://www.anntaylor.com/598179.html?priceSort=ASC","https://anninc.scene7.com/is/image/AN/574539_6892"
"Floral Wrap Top","$62.92","https://www.anntaylor.com/sale/sale-tops/cata000045/596026.html?priceSort=ASC","https://anninc.scene7.com/is/image/AN/603423_2222"
"The High Waist Straight Easy Ankle Pant in Tweed","$34.92","https://www.anntaylor.com/sale/sale-pants/cata000048/597100.html?priceSort=ASC","https://anninc.scene7.com/is/image/AN/598542_7375?$fullBplp$"
"Ruffle Pintucked Blouse","$104.92","https://www.anntaylor.com/sale/all-sale/cata000055/585515.html?priceSort=ASC","https://anninc.scene7.com/is/image/AN/593251_9976?$fullBplp$"
"Pleated Cap Sleeve Flare Dress","$45.42","https://www.anntaylor.com/sale/all-sale/cata000055/605129.html?priceSort=ASC","https://anninc.scene7.com/is/image/AN/593884_4925?$fullBplp$"
"Curvy Sculpting Pocket High Rise Skinny Jeans in Dark Rinse Wash","$41.92","https://www.anntaylor.com/sale/sale-jeans/cat2000002/549475.html?priceSort=ASC","https://anninc.scene7.com/is/image/AN/597024_2114?$fullBplp$"
"Curvy Sculpting Pocket High Rise Skinny Jeans in Classic Mid Wash","$48.99","https://www.anntaylor.com/sale/sale-jeans/cat2000002/549466.html?priceSort=ASC","https://anninc.scene7.com/is/image/AN/599166_7165_ALT2?$fullBplp$"
"Floral Branch Seamed Full Midi Skirt","$41.92","https://www.anntaylor.com/sale/sale-skirts/cata000049/600926.html?priceSort=ASC","https://anninc.scene7.com/is/image/AN/600926_4874?$fullBplp$"
"Linen Blend Twill Sheath Dress","$83.92","https://www.anntaylor.com/sale/sale-dresses/cata000047/590337.html?priceSort=ASC","https://anninc.scene7.com/is/image/AN/590337_2802?$fullBplp$"
"Tie Waist Mock Neck Tunic","$38.49","https://www.anntaylor.com/594479.html?priceSort=ASC","https://anninc.scene7.com/is/image/AN/594479_9192?$fullBplp$"
"Scoop Back Puff Sleeve Top","$31.42","https://www.anntaylor.com/586471.html?priceSort=ASC","https://anninc.scene7.com/is/image/AN/586471_8376?$fullBplp$"
"Lace Trim Tiered Yoke Top","$38.42","https://www.anntaylor.com/592627.html?priceSort=ASC","https://anninc.scene7.com/is/image/AN/592627_9192?$fullBplp$"
"The Midi Flare Dress in Double Knit","$87.42","https://www.anntaylor.com/sale/sale-suits/cat370058/590340.html?priceSort=ASC","https://anninc.scene7.com/is/image/AN/590340_8818?$fullBplp$"
"The Shorter One Button Blazer in Stretch Cotton","$87.42","https://www.anntaylor.com/sale/all-sale/cata000055/581182.html?priceSort=ASC","https://anninc.scene7.com/is/image/AN/581182_9054?$fullBplp$"
