Title,Price,URL,Image
Chris Christensen Fresh Faced Tearless Facial Wash,4,https://www.cherrybrook.com/chris-christensen-fresh-faced-tearless-facial-wash/,https://cdn11.bigcommerce.com/s-9usi8/product_images/attribute_rule_images/686428_source_1658942370.jpg?vid=variantid_82849
Chris Christensen #013 Cat/Carding Buttercomb,53,https://www.cherrybrook.com/chris-christensen-013-cat-carding-buttercomb/,https://cdn11.bigcommerce.com/s-9usi8/products/12629/images/18332/14-092-19__10829.1645035680.500.750.jpg?c=2
Groomers Goop De-Greaser with Vitamin E and Aloe Vera,5.99,https://www.cherrybrook.com/groomers-goop-de-greaser-with-vitamin-e-and-aloe-vera/,https://cdn11.bigcommerce.com/s-9usi8/product_images/attribute_rule_images/649143_source_1574365081.jpg?vid=variantid_74067
Cherrybrook Quick Clean Waterless Shampoo,8.99,https://www.cherrybrook.com/cherrybrook-quick-clean-waterless-shampoo/,https://cdn11.bigcommerce.com/s-9usi8/product_images/attribute_rule_images/624086_source_1563961576.jpg?vid=variantid_71177
Chris Christensen Top Cat Clarifying Shampoo,6,https://www.cherrybrook.com/chris-christensen-top-cat-clarifying-shampoo/,https://cdn11.bigcommerce.com/s-9usi8/products/15698/images/18720/TopCat-Clarifying_Shampoo__44486.1661189413.500.750.jpg?c=2
Groomers Goop Detangling 5 in 1 Spray,8.99,https://www.cherrybrook.com/groomers-goop-detangling-5-in-1-spray/,https://cdn11.bigcommerce.com/s-9usi8/products/8276/images/8402/01-472-05__61730.1478284675.500.750.jpg?c=2
Safari Wooden Handle Cat Shedding Comb,12.99,https://www.cherrybrook.com/safari-wooden-handle-cat-shedding-comb/,https://cdn11.bigcommerce.com/s-9usi8/products/4840/images/4048/14-107-4__71253.1447461885.500.750.jpg?c=2
Chris Christensen Top Cat Facial Wash,4,https://www.cherrybrook.com/chris-christensen-top-cat-facial-wash/,https://cdn11.bigcommerce.com/s-9usi8/products/15706/images/18735/TopCat-FacialWash__74229.1661191412.500.750.jpg?c=2
Chris Christensen Top Cat Anti-Static Spray,6,https://www.cherrybrook.com/chris-christensen-top-cat-anti-static-spray/,https://cdn11.bigcommerce.com/s-9usi8/products/15704/images/18588/41-CC09-08__40495.1654627319.500.750.jpg?c=2
Chris Christensen Top Cat Shine Shampoo,6,https://www.cherrybrook.com/chris-christensen-top-cat-shine-shampoo/,https://cdn11.bigcommerce.com/s-9usi8/product_images/attribute_rule_images/686355_source_1661191006.jpg?vid=variantid_82756
Artero 4 Cats Shampoo,12.53,https://www.cherrybrook.com/artero-4-cats-shampoo/,https://cdn11.bigcommerce.com/s-9usi8/product_images/attribute_rule_images/623643_source_1563914914.jpg?vid=variantid_70742
Groomers Goop Snow White Toning Shampoo 16oz,8.99,https://www.cherrybrook.com/groomers-goop-snow-white-toning-shampoo-16oz/,https://cdn11.bigcommerce.com/s-9usi8/products/14086/images/15837/03-GG01-16__89314.1594136386.500.750.gif?c=2
Chris Christensen Top Cat Pre-Bath Degreaser,27,https://www.cherrybrook.com/chris-christensen-top-cat-pre-bath-degreaser/,https://cdn11.bigcommerce.com/s-9usi8/products/15701/images/18721/TopCat-Degreaser__48531.1661189786.500.750.jpg?c=2
Chris Christensen Top Cat Body Boost Coat Treatment,6,https://www.cherrybrook.com/chris-christensen-top-cat-body-boost-coat-treatment/,https://cdn11.bigcommerce.com/s-9usi8/products/15707/images/18717/Top_Cat-Body_Boost_1__06539.1661189159.500.750.jpg?c=2
Show Tech Dry Shampoo 100g,10.99,https://www.cherrybrook.com/show-tech-dry-shampoo-100g/,https://cdn11.bigcommerce.com/s-9usi8/products/15925/images/19260/03-ST01-01__81844.1682711898.500.750.jpg?c=2
Chris Christensen Top Cat Finishing Rinse,4,https://www.cherrybrook.com/chris-christensen-top-cat-finishing-rinse/,https://cdn11.bigcommerce.com/s-9usi8/products/15705/images/18736/TopCat-FinishingRinse__13837.1661191576.500.750.jpg?c=2
"Groomers Goop Glossy Coat Conditioner, 16 ounce squeeze bottle",8.99,https://www.cherrybrook.com/groomers-goop-glossy-coat-conditioner-16-ounce-squeeze-bottle/,https://cdn11.bigcommerce.com/s-9usi8/products/4666/images/3875/03-469-02__86362.1447461569.500.750.jpg?c=2
Tomlyn L-Lysine Powder 100g,20.99,https://www.cherrybrook.com/tomlyn-l-lysine-powder-100g/,https://cdn11.bigcommerce.com/s-9usi8/products/4665/images/3874/05-319-02__69092.1447461567.500.750.jpg?c=2
Chris Christensen Top Cat Wonderful White Shampoo,6,https://www.cherrybrook.com/chris-christensen-top-cat-wonderful-white-shampoo/,https://cdn11.bigcommerce.com/s-9usi8/products/15703/images/18726/TopCat-WonderfulWhite__36719.1661190015.500.750.jpg?c=2
Paw Brothers Professional Tooth Scaler,7.99,https://www.cherrybrook.com/paw-brothers-professional-tooth-scaler/,https://cdn11.bigcommerce.com/s-9usi8/products/15826/images/18936/PBP31792_main-1__30320.1672323061.500.750.jpg?c=2
Nail Clipper / Cat - Millers Forge,14.99,https://www.cherrybrook.com/nail-clipper-cat-millers-forge/,https://cdn11.bigcommerce.com/s-9usi8/products/4868/images/4076/11-019__93138.1447461949.500.750.jpg?c=2
KONG Softies Fuzzy Bunny Assorted Colors,4.99,https://www.cherrybrook.com/kong-softies-fuzzy-bunny-assorted-colors/,https://cdn11.bigcommerce.com/s-9usi8/products/14035/images/15777/41-235__85146.1591717205.500.750.gif?c=2
KONG Cat Cozie Kickeroo - Assorted,4.49,https://www.cherrybrook.com/kong-cat-cozie-kickeroo-assorted/,https://cdn11.bigcommerce.com/s-9usi8/products/5029/images/8759/41-222-01__32925.1492535933.500.750.jpg?c=2
Fussie Cat Premium Tuna with Chicken in Aspic Wet Cat Food,45.14,https://www.cherrybrook.com/fussie-cat-premium-tuna-with-chicken-in-aspic-wet-cat-food/,https://cdn11.bigcommerce.com/s-9usi8/product_images/attribute_rule_images/652954_source_1614731934.jpg?vid=variantid_77758
Rawz Shredded Chicken Breast & Cheese - Case of Eight 2.46oz Pouches,13.52,https://www.cherrybrook.com/rawz-shredded-chicken-breast-cheese-case-of-eight-2-46oz-pouches/,https://cdn11.bigcommerce.com/s-9usi8/products/12903/images/14553/56-R028-PCS__65013.1574095079.500.750.jpg?c=2
Bio-Groom Flea and Tick Shampoo for Cats - 8oz,13.99,https://www.cherrybrook.com/bio-groom-flea-and-tick-shampoo-for-cats-8oz/,https://cdn11.bigcommerce.com/s-9usi8/products/12063/images/13521/03-451-08__06706.1543351130.500.750.jpg?c=2
Vets Best Flea and Tick Waterless Foam Bath for Cats 5oz,15.99,https://www.cherrybrook.com/vets-best-flea-and-tick-waterless-foam-bath-for-cats-5oz/,https://cdn11.bigcommerce.com/s-9usi8/products/9253/images/10045/07-VB10-C05__10045.1513875148.500.750.jpg?c=2
Rawz Aujou Cat Shredded Chicken Breast & Duck - Case of Eight Pouches,13.52,https://www.cherrybrook.com/rawz-aujou-cat-shredded-chicken-breast-duck-case-of-eight-pouches/,https://cdn11.bigcommerce.com/s-9usi8/products/11946/images/13368/56-R019-PCS__01839.1541097041.500.750.jpg?c=2
Fussie Cat Super Premium Chicken With Sweet Potato in Gravy 2.82oz CASE,47.3,https://www.cherrybrook.com/fussie-cat-super-premium-chicken-with-sweet-potato-in-gravy-2-82oz-case/,https://cdn11.bigcommerce.com/s-9usi8/products/10472/images/11482/56-874-CCS__08869.1523561742.500.750.jpg?c=2
Hydra Luxury Care Fast Shower 8.12oz,18,https://www.cherrybrook.com/hydra-luxury-care-fast-shower-8-12oz/,https://cdn11.bigcommerce.com/s-9usi8/products/12994/images/14699/03-HY10-01__86074.1580229452.500.750.jpg?c=2
Chris Christensen Top Cat Volume Shampoo,6,https://www.cherrybrook.com/chris-christensen-top-cat-volume-shampoo/,https://cdn11.bigcommerce.com/s-9usi8/product_images/attribute_rule_images/686358_source_1661190516.jpg?vid=variantid_82760
Chris Christensen Big G Slicker Brushes,50.99,https://www.cherrybrook.com/chris-christensen-big-g-slicker-brushes/,https://cdn11.bigcommerce.com/s-9usi8/product_images/attribute_rule_images/658358_source_1642447547.jpg?vid=variantid_81602
Chris Christensen Big K Slicker Brushes,50.99,https://www.cherrybrook.com/chris-christensen-big-k-slicker-brushes/,https://cdn11.bigcommerce.com/s-9usi8/product_images/attribute_rule_images/658362_source_1642447550.jpg?vid=variantid_81607
Crown Royale Magic Touch Formula 3,9.99,https://www.cherrybrook.com/crown-royale-magic-touch-formula-3/,https://cdn11.bigcommerce.com/s-9usi8/product_images/attribute_rule_images/623207_source_1679354017.jpg?vid=variantid_70312
Chris Christensen White on White Shampoo,5,https://www.cherrybrook.com/chris-christensen-white-on-white-shampoo/,https://cdn11.bigcommerce.com/s-9usi8/product_images/attribute_rule_images/622790_source_1563894658.jpg?vid=variantid_69898
Pet Society Hydra Ultra Detangle & Dematting Spray,22,https://www.cherrybrook.com/pet-society-hydra-ultra-detangle-dematting-spray/,https://cdn11.bigcommerce.com/s-9usi8/product_images/attribute_rule_images/686384_source_1654788870.jpg?vid=variantid_82798
Natures Specialties Plum Silky® Shampoo for Dogs,23,https://www.cherrybrook.com/natures-specialties-plum-silky-shampoo-for-dogs/,https://cdn11.bigcommerce.com/s-9usi8/product_images/attribute_rule_images/657761_source_1690301970.jpg?vid=variantid_80923
iGroom Deshedding + Detangling Shampoo,24,https://www.cherrybrook.com/igroom-deshedding-detangling-shampoo/,https://cdn11.bigcommerce.com/s-9usi8/product_images/attribute_rule_images/653205_source_1619618098.jpg?vid=variantid_78231
#1 All Systems Super Cleaning and Conditioning Shampoo,11.99,https://www.cherrybrook.com/1-all-systems-super-cleaning-and-conditioning-shampoo/,https://cdn11.bigcommerce.com/s-9usi8/product_images/attribute_rule_images/623498_source_1563913192.jpg?vid=variantid_70599
Chris Christensen Kärben Slickers,29,https://www.cherrybrook.com/chris-christensen-karben-slickers/,https://cdn11.bigcommerce.com/s-9usi8/product_images/attribute_rule_images/686662_source_1677850650.jpg?vid=variantid_83212
Heiniger Opal Li-Ion Battery Clipper,425,https://www.cherrybrook.com/heiniger-opal-li-ion-battery-clipper/,https://cdn11.bigcommerce.com/s-9usi8/products/15765/images/18846/09-H001-1__15550.1666637192.500.750.jpg?c=2
"Chris Christensen 006 5"" Face and Feet Buttercomb",34,https://www.cherrybrook.com/chris-christensen-006-5-face-and-feet-buttercomb/,https://cdn11.bigcommerce.com/s-9usi8/products/12320/images/18319/14-092-6__46249.1645035289.500.750.jpg?c=2
Natures Specialties EZ Out® Deshedding Shampoo for Dogs & Cats,25.5,https://www.cherrybrook.com/natures-specialties-ez-out-deshedding-shampoo-for-dogs-cats/,https://cdn11.bigcommerce.com/s-9usi8/product_images/attribute_rule_images/657725_source_1635354165.jpg?vid=variantid_80874
iGroom Tearless Facial Shampoo,24,https://www.cherrybrook.com/igroom-tearless-facial-shampoo/,https://cdn11.bigcommerce.com/s-9usi8/product_images/attribute_rule_images/649130_source_1574177967.jpg?vid=variantid_74050
Chris Christensen Fusion Oval Pin Brushes,60,https://www.cherrybrook.com/chris-christensen-fusion-oval-pin-brushes/,https://cdn11.bigcommerce.com/s-9usi8/product_images/attribute_rule_images/624150_source_1563962599.jpg?vid=variantid_71239
Stainless Steel Dog Bowls,1.09,https://www.cherrybrook.com/stainless-steel-dog-bowls/,https://cdn11.bigcommerce.com/s-9usi8/product_images/attribute_rule_images/426997_source_1527271104.jpg?vid=variantid_56223
SodaPup Great Outdoors Slow Feeder Bowl - Green,21.99,https://www.cherrybrook.com/sodapup-great-outdoors-slow-feeder-bowl-green/,https://cdn11.bigcommerce.com/s-9usi8/products/16135/images/20821/20-SP005-G-New__49046.1695402315.500.750.jpg?c=2
fabdog Red Buffalo Check Matching Human Pajama Bottoms,30,https://www.cherrybrook.com/fabdog-red-buffalo-check-matching-human-pajama-bottoms/,https://cdn11.bigcommerce.com/s-9usi8/products/16169/images/21054/40-FD01-H-New__61789.1696351661.500.750.jpg?c=2
Natures Specialties Fresh & Gentle Dental Gel 4oz,25,https://www.cherrybrook.com/natures-specialties-fresh-gentle-dental-gel-4oz/,https://cdn11.bigcommerce.com/s-9usi8/products/15859/images/19018/05-NS06-G04__61392.1677599433.500.750.jpg?c=2
Sodapup Large Lick Mat - Honeycomb Design,15.99,https://www.cherrybrook.com/sodapup-large-lick-mat-honeycomb-design/,https://cdn11.bigcommerce.com/s-9usi8/products/16131/images/21006/20-SP001-2Y-New__41170.1696278932.500.750.jpg?c=2
fabdog Red Buffalo Check Flannel Dog Pajamas,25,https://www.cherrybrook.com/fabdog-red-buffalo-check-flannel-dog-pajamas/,https://cdn11.bigcommerce.com/s-9usi8/products/16168/images/21062/40-FD01-D-New__50847.1696352337.500.750.jpg?c=2
fabdog Green Plaid Matching Human Pajama Bottoms,30,https://www.cherrybrook.com/fabdog-green-plaid-matching-human-pajama-bottoms/,https://cdn11.bigcommerce.com/s-9usi8/products/16171/images/21047/40-FD02-H-New__38490.1696351512.500.750.jpg?c=2
fabdog Blue Plaid Matching Human Pajama Bottoms,30,https://www.cherrybrook.com/fabdog-blue-plaid-matching-human-pajama-bottoms/,https://cdn11.bigcommerce.com/s-9usi8/products/16173/images/21039/40-FD03-H-New__09594.1696350155.500.750.jpg?c=2
Natures Specialties Fresh & Gentle Dental Spray 8oz,22,https://www.cherrybrook.com/natures-specialties-fresh-gentle-dental-spray-8oz/,https://cdn11.bigcommerce.com/s-9usi8/products/15858/images/19015/05-NS06-S08__34381.1677599300.500.750.jpg?c=2
Chris Christensen Fresh Faced Tearless Facial Wash,4,https://www.cherrybrook.com/chris-christensen-fresh-faced-tearless-facial-wash/,https://cdn11.bigcommerce.com/s-9usi8/product_images/attribute_rule_images/686428_source_1658942370.jpg?vid=variantid_82849
Chris Christensen #013 Cat/Carding Buttercomb,53,https://www.cherrybrook.com/chris-christensen-013-cat-carding-buttercomb/,https://cdn11.bigcommerce.com/s-9usi8/products/12629/images/18332/14-092-19__10829.1645035680.500.750.jpg?c=2
Groomers Goop De-Greaser with Vitamin E and Aloe Vera,5.99,https://www.cherrybrook.com/groomers-goop-de-greaser-with-vitamin-e-and-aloe-vera/,https://cdn11.bigcommerce.com/s-9usi8/product_images/attribute_rule_images/649143_source_1574365081.jpg?vid=variantid_74067
Cherrybrook Quick Clean Waterless Shampoo,8.99,https://www.cherrybrook.com/cherrybrook-quick-clean-waterless-shampoo/,https://cdn11.bigcommerce.com/s-9usi8/product_images/attribute_rule_images/624086_source_1563961576.jpg?vid=variantid_71177
Chris Christensen Top Cat Clarifying Shampoo,6,https://www.cherrybrook.com/chris-christensen-top-cat-clarifying-shampoo/,https://cdn11.bigcommerce.com/s-9usi8/products/15698/images/18720/TopCat-Clarifying_Shampoo__44486.1661189413.500.750.jpg?c=2
Groomers Goop Detangling 5 in 1 Spray,8.99,https://www.cherrybrook.com/groomers-goop-detangling-5-in-1-spray/,https://cdn11.bigcommerce.com/s-9usi8/products/8276/images/8402/01-472-05__61730.1478284675.500.750.jpg?c=2
Safari Wooden Handle Cat Shedding Comb,12.99,https://www.cherrybrook.com/safari-wooden-handle-cat-shedding-comb/,https://cdn11.bigcommerce.com/s-9usi8/products/4840/images/4048/14-107-4__71253.1447461885.500.750.jpg?c=2
Chris Christensen Top Cat Facial Wash,4,https://www.cherrybrook.com/chris-christensen-top-cat-facial-wash/,https://cdn11.bigcommerce.com/s-9usi8/products/15706/images/18735/TopCat-FacialWash__74229.1661191412.500.750.jpg?c=2
Chris Christensen Top Cat Anti-Static Spray,6,https://www.cherrybrook.com/chris-christensen-top-cat-anti-static-spray/,https://cdn11.bigcommerce.com/s-9usi8/products/15704/images/18588/41-CC09-08__40495.1654627319.500.750.jpg?c=2
Chris Christensen Top Cat Shine Shampoo,6,https://www.cherrybrook.com/chris-christensen-top-cat-shine-shampoo/,https://cdn11.bigcommerce.com/s-9usi8/product_images/attribute_rule_images/686355_source_1661191006.jpg?vid=variantid_82756
Artero 4 Cats Shampoo,12.53,https://www.cherrybrook.com/artero-4-cats-shampoo/,https://cdn11.bigcommerce.com/s-9usi8/product_images/attribute_rule_images/623643_source_1563914914.jpg?vid=variantid_70742
Groomers Goop Snow White Toning Shampoo 16oz,8.99,https://www.cherrybrook.com/groomers-goop-snow-white-toning-shampoo-16oz/,https://cdn11.bigcommerce.com/s-9usi8/products/14086/images/15837/03-GG01-16__89314.1594136386.500.750.gif?c=2
Chris Christensen Top Cat Pre-Bath Degreaser,27,https://www.cherrybrook.com/chris-christensen-top-cat-pre-bath-degreaser/,https://cdn11.bigcommerce.com/s-9usi8/products/15701/images/18721/TopCat-Degreaser__48531.1661189786.500.750.jpg?c=2
Chris Christensen Top Cat Body Boost Coat Treatment,6,https://www.cherrybrook.com/chris-christensen-top-cat-body-boost-coat-treatment/,https://cdn11.bigcommerce.com/s-9usi8/products/15707/images/18717/Top_Cat-Body_Boost_1__06539.1661189159.500.750.jpg?c=2
Show Tech Dry Shampoo 100g,10.99,https://www.cherrybrook.com/show-tech-dry-shampoo-100g/,https://cdn11.bigcommerce.com/s-9usi8/products/15925/images/19260/03-ST01-01__81844.1682711898.500.750.jpg?c=2
Chris Christensen Top Cat Finishing Rinse,4,https://www.cherrybrook.com/chris-christensen-top-cat-finishing-rinse/,https://cdn11.bigcommerce.com/s-9usi8/products/15705/images/18736/TopCat-FinishingRinse__13837.1661191576.500.750.jpg?c=2
"Groomers Goop Glossy Coat Conditioner, 16 ounce squeeze bottle",8.99,https://www.cherrybrook.com/groomers-goop-glossy-coat-conditioner-16-ounce-squeeze-bottle/,https://cdn11.bigcommerce.com/s-9usi8/products/4666/images/3875/03-469-02__86362.1447461569.500.750.jpg?c=2
Tomlyn L-Lysine Powder 100g,20.99,https://www.cherrybrook.com/tomlyn-l-lysine-powder-100g/,https://cdn11.bigcommerce.com/s-9usi8/products/4665/images/3874/05-319-02__69092.1447461567.500.750.jpg?c=2
Chris Christensen Top Cat Wonderful White Shampoo,6,https://www.cherrybrook.com/chris-christensen-top-cat-wonderful-white-shampoo/,https://cdn11.bigcommerce.com/s-9usi8/products/15703/images/18726/TopCat-WonderfulWhite__36719.1661190015.500.750.jpg?c=2
Paw Brothers Professional Tooth Scaler,7.99,https://www.cherrybrook.com/paw-brothers-professional-tooth-scaler/,https://cdn11.bigcommerce.com/s-9usi8/products/15826/images/18936/PBP31792_main-1__30320.1672323061.500.750.jpg?c=2
Nail Clipper / Cat - Millers Forge,14.99,https://www.cherrybrook.com/nail-clipper-cat-millers-forge/,https://cdn11.bigcommerce.com/s-9usi8/products/4868/images/4076/11-019__93138.1447461949.500.750.jpg?c=2
KONG Softies Fuzzy Bunny Assorted Colors,4.99,https://www.cherrybrook.com/kong-softies-fuzzy-bunny-assorted-colors/,https://cdn11.bigcommerce.com/s-9usi8/products/14035/images/15777/41-235__85146.1591717205.500.750.gif?c=2
KONG Cat Cozie Kickeroo - Assorted,4.49,https://www.cherrybrook.com/kong-cat-cozie-kickeroo-assorted/,https://cdn11.bigcommerce.com/s-9usi8/products/5029/images/8759/41-222-01__32925.1492535933.500.750.jpg?c=2
Fussie Cat Premium Tuna with Chicken in Aspic Wet Cat Food,45.14,https://www.cherrybrook.com/fussie-cat-premium-tuna-with-chicken-in-aspic-wet-cat-food/,https://cdn11.bigcommerce.com/s-9usi8/product_images/attribute_rule_images/652954_source_1614731934.jpg?vid=variantid_77758
Rawz Shredded Chicken Breast & Cheese - Case of Eight 2.46oz Pouches,13.52,https://www.cherrybrook.com/rawz-shredded-chicken-breast-cheese-case-of-eight-2-46oz-pouches/,https://cdn11.bigcommerce.com/s-9usi8/products/12903/images/14553/56-R028-PCS__65013.1574095079.500.750.jpg?c=2
Bio-Groom Flea and Tick Shampoo for Cats - 8oz,13.99,https://www.cherrybrook.com/bio-groom-flea-and-tick-shampoo-for-cats-8oz/,https://cdn11.bigcommerce.com/s-9usi8/products/12063/images/13521/03-451-08__06706.1543351130.500.750.jpg?c=2
Vets Best Flea and Tick Waterless Foam Bath for Cats 5oz,15.99,https://www.cherrybrook.com/vets-best-flea-and-tick-waterless-foam-bath-for-cats-5oz/,https://cdn11.bigcommerce.com/s-9usi8/products/9253/images/10045/07-VB10-C05__10045.1513875148.500.750.jpg?c=2
Rawz Aujou Cat Shredded Chicken Breast & Duck - Case of Eight Pouches,13.52,https://www.cherrybrook.com/rawz-aujou-cat-shredded-chicken-breast-duck-case-of-eight-pouches/,https://cdn11.bigcommerce.com/s-9usi8/products/11946/images/13368/56-R019-PCS__01839.1541097041.500.750.jpg?c=2
Fussie Cat Super Premium Chicken With Sweet Potato in Gravy 2.82oz CASE,47.3,https://www.cherrybrook.com/fussie-cat-super-premium-chicken-with-sweet-potato-in-gravy-2-82oz-case/,https://cdn11.bigcommerce.com/s-9usi8/products/10472/images/11482/56-874-CCS__08869.1523561742.500.750.jpg?c=2
Hydra Luxury Care Fast Shower 8.12oz,18,https://www.cherrybrook.com/hydra-luxury-care-fast-shower-8-12oz/,https://cdn11.bigcommerce.com/s-9usi8/products/12994/images/14699/03-HY10-01__86074.1580229452.500.750.jpg?c=2
Chris Christensen Top Cat Volume Shampoo,6,https://www.cherrybrook.com/chris-christensen-top-cat-volume-shampoo/,https://cdn11.bigcommerce.com/s-9usi8/product_images/attribute_rule_images/686358_source_1661190516.jpg?vid=variantid_82760
Safari Complete Cat Brush,10.49,https://www.cherrybrook.com/safari-complete-cat-brush/,https://cdn11.bigcommerce.com/s-9usi8/products/5020/images/4224/37-106-1__08583.1447462244.500.750.jpg?c=2
Artero Pretty Eyes Eye Care Lotion for Dogs and Cats,13.96,https://www.cherrybrook.com/artero-pretty-eyes-eye-care-lotion-for-dogs-and-cats/,https://cdn11.bigcommerce.com/s-9usi8/products/8762/images/9291/05-AC03-1__25251.1500567123.500.750.jpg?c=2
Wagging Tailz Kitten ID Bands (12-pack),10,https://www.cherrybrook.com/wagging-tailz-kitten-id-bands-12-pack/,https://cdn11.bigcommerce.com/s-9usi8/product_images/attribute_rule_images/426045_source_1525796073.jpg?vid=variantid_55001
SmartCat Ultimate Litter Box,19.69,https://www.cherrybrook.com/smartcat-ultimate-litter-box/,https://cdn11.bigcommerce.com/s-9usi8/products/5039/images/4241/42-057-1__72767.1447462278.500.750.jpg?c=2
Groomers Goop Glossy Coat Pet Shampoo 16 ounce bottle,8.99,https://www.cherrybrook.com/groomers-goop-glossy-coat-pet-shampoo-16-ounce-bottle/,https://cdn11.bigcommerce.com/s-9usi8/products/4627/images/7533/03-469-01__05445.1465933226.500.750.jpg?c=2
Fussie Cat Super Premium Chicken with Vegetables in Gravy Wet Cat Food,47.3,https://www.cherrybrook.com/fussie-cat-super-premium-chicken-with-vegetables-in-gravy-wet-cat-food/,https://cdn11.bigcommerce.com/s-9usi8/product_images/attribute_rule_images/652937_source_1614544732.png?vid=variantid_77724
Chris Christensen Top Cat Brilliant Black Shampoo,6,https://www.cherrybrook.com/chris-christensen-top-cat-brilliant-black-shampoo/,https://cdn11.bigcommerce.com/s-9usi8/product_images/attribute_rule_images/686350_source_1661188781.jpg?vid=variantid_82749
VanNess Plastics Enclosed Litterboxes,22.12,https://www.cherrybrook.com/vanness-plastics-enclosed-litterboxes/,https://cdn11.bigcommerce.com/s-9usi8/product_images/attribute_rule_images/426176_source_1535745136.jpg?vid=variantid_55170
Nature's Specialties Oral Fresh Spray for Dogs and Cats,17,https://www.cherrybrook.com/natures-specialties-oral-fresh-spray-for-dogs-and-cats/,https://cdn11.bigcommerce.com/s-9usi8/products/15579/images/18192/05-NS04-08__18885.1643047950.500.750.jpg?c=2
Groomers Goop Stain and Odor Eliminator,6.99,https://www.cherrybrook.com/groomers-goop-stain-and-odor-eliminator/,https://cdn11.bigcommerce.com/s-9usi8/product_images/attribute_rule_images/425196_source_1523902035.jpg?vid=variantid_53992
Pet Silk No Rinse Shampoo - 11.6oz,8.99,https://www.cherrybrook.com/pet-silk-no-rinse-shampoo-11-6oz/,https://cdn11.bigcommerce.com/s-9usi8/products/14686/images/16655/03-PS12-11__55670.1614181755.500.750.jpg?c=2
earthbath® 2-in-1 Light Wild Cherry Extra Gentle Cat Shampoo Made in USA 16 oz,16.99,https://www.cherrybrook.com/earthbath-2-in-1-light-wild-cherry-extra-gentle-cat-shampoo-made-in-usa-16-oz/,https://cdn11.bigcommerce.com/s-9usi8/products/14992/images/17057/03-EB12-01__00764.1619725084.500.750.jpg?c=2
Groomers Goop Odor Away Spray,9.99,https://www.cherrybrook.com/groomers-goop-odor-away-spray/,https://cdn11.bigcommerce.com/s-9usi8/products/8278/images/8404/06-249-01__36472.1478286475.500.750.jpg?c=2
Cat K-Lines Window Tattoos,7.99,https://www.cherrybrook.com/cat-k-lines-window-tattoos/,https://cdn11.bigcommerce.com/s-9usi8/product_images/attribute_rule_images/425551_source_1524080749.jpg?vid=variantid_54386
KONG Cat Naturals Scratchers,3.29,https://www.cherrybrook.com/kong-cat-naturals-scratchers/,https://cdn11.bigcommerce.com/s-9usi8/product_images/attribute_rule_images/425826_source_1524868693.jpg?vid=variantid_54715
TropiClean Gentle Coconut Hypoallergenic Puppy and Kitten Shampoo,14.99,https://www.cherrybrook.com/tropiclean-gentle-coconut-hypoallergenic-puppy-and-kitten-shampoo/,https://cdn11.bigcommerce.com/s-9usi8/product_images/attribute_rule_images/652462_source_1605044763.jpg?vid=variantid_77192
Groomers Goop Glossy Coat Conditioner - Gallon with Pump,46.99,https://www.cherrybrook.com/groomers-goop-glossy-coat-conditioner-gallon-with-pump/,https://cdn11.bigcommerce.com/s-9usi8/products/4639/images/3848/03-469-G__71477.1447461499.500.750.jpg?c=2
Chris Christensen Top Cat Radiant Red Shampoo,7,https://www.cherrybrook.com/chris-christensen-top-cat-radiant-red-shampoo/,https://cdn11.bigcommerce.com/s-9usi8/product_images/attribute_rule_images/686362_source_1661188996.jpg?vid=variantid_82766
Happy Cat Purrbaby Bundle,66.2,https://www.cherrybrook.com/happy-cat-purrbaby-bundle/,https://cdn11.bigcommerce.com/s-9usi8/products/16112/images/20640/PurrrBaby-Bundle__26114.1693243956.500.750.jpg?c=2
Safari Cat Soft Slicker Brush,10.49,https://www.cherrybrook.com/safari-cat-soft-slicker-brush/,https://cdn11.bigcommerce.com/s-9usi8/products/4971/images/20544/37-107-1__56028.1691683273.500.750.jpg?c=2
Drymate Litter Box Mat,13.99,https://www.cherrybrook.com/drymate-litter-box-mat/,https://cdn11.bigcommerce.com/s-9usi8/products/10007/images/10951/42-053__71718.1519961719.500.750.jpg?c=2
Petmate Large Litter Pan in Assorted Colors,12.99,https://www.cherrybrook.com/petmate-large-litter-pan-in-assorted-colors/,https://cdn11.bigcommerce.com/s-9usi8/products/12996/images/14702/42-063-02__43920.1580315801.500.750.jpg?c=2
Groomers Goop Snow White Toning Conditioner 16oz,8.99,https://www.cherrybrook.com/groomers-goop-snow-white-toning-conditioner-16oz/,https://cdn11.bigcommerce.com/s-9usi8/products/14087/images/15838/01-GG01-16__44956.1594136388.500.750.gif?c=2
Da Bird Cat Toys,3.95,https://www.cherrybrook.com/da-bird-cat-toys/,https://cdn11.bigcommerce.com/s-9usi8/product_images/attribute_rule_images/424688_source_1522875590.jpg?vid=variantid_53401
MidWest QuietTime Couture Sofia Bolster Crate Bed - Black,17.99,https://www.cherrybrook.com/midwest-quiettime-couture-sofia-bolster-crate-bed-black/,https://cdn11.bigcommerce.com/s-9usi8/product_images/attribute_rule_images/428691_source_1533304927.jpg?vid=variantid_58043
Fussie Cat Super Premium Chicken With Duck in Gravy Wet Cat Food,47.3,https://www.cherrybrook.com/fussie-cat-super-premium-chicken-with-duck-in-gravy-wet-cat-food/,https://cdn11.bigcommerce.com/s-9usi8/product_images/attribute_rule_images/652944_source_1614544754.png?vid=variantid_77735
Groomers Goop Glossy Coat Shampoo Gallon,46.99,https://www.cherrybrook.com/groomers-goop-glossy-coat-shampoo-gallon/,https://cdn11.bigcommerce.com/s-9usi8/products/8277/images/8403/03-469-03__89628.1478286473.500.750.jpg?c=2
Fussie Cat Premium Tuna With Ocean Fish in Aspic Wet Cat Food,45.14,https://www.cherrybrook.com/fussie-cat-premium-tuna-with-ocean-fish-in-aspic-wet-cat-food/,https://cdn11.bigcommerce.com/s-9usi8/product_images/attribute_rule_images/652938_source_1614544735.jpg?vid=variantid_77726
Fussie Cat Premium Tuna with Mussels in Aspic Wet Cat Food,45.14,https://www.cherrybrook.com/fussie-cat-premium-tuna-with-mussels-in-aspic-wet-cat-food/,https://cdn11.bigcommerce.com/s-9usi8/product_images/attribute_rule_images/652942_source_1614544745.jpg?vid=variantid_77732
MidWest Replacement Pan for Cat Playpen,46.99,https://www.cherrybrook.com/midwest-replacement-pan-for-cat-playpen/,https://cdn11.bigcommerce.com/s-9usi8/products/4791/images/3999/15-821-1P__77513.1447461790.500.750.jpg?c=2
Chris Christensen Top Cat Gorgeous Gold Shampoo,6,https://www.cherrybrook.com/chris-christensen-top-cat-gorgeous-gold-shampoo/,https://cdn11.bigcommerce.com/s-9usi8/products/15696/images/18696/41-CC01__21570.1660517400.500.750.jpg?c=2
Pet-Ag KMR® Milk Replacer,9.58,https://www.cherrybrook.com/pet-ag-kmr-milk-replacer/,https://cdn11.bigcommerce.com/s-9usi8/product_images/attribute_rule_images/653556_source_1622576259.jpg?vid=variantid_78675
Quick Finder Nail Clipper for Cats,51.49,https://www.cherrybrook.com/quick-finder-nail-clipper-for-cats/,https://cdn11.bigcommerce.com/s-9usi8/products/4911/images/4118/11-054-3__89328.1447462045.500.750.jpg?c=2
Bootsies 3-in-1 Scratcher,26.29,https://www.cherrybrook.com/bootsies-3-in-1-scratcher/,https://cdn11.bigcommerce.com/s-9usi8/products/5027/images/4231/41-112__30449.1447462256.500.750.jpg?c=2
Happy Cat Kitty Bath Bundle,49,https://www.cherrybrook.com/happy-cat-kitty-bath-bundle/,https://cdn11.bigcommerce.com/s-9usi8/products/16113/images/20641/Kitty-Bath-Time-Bundle__44781.1693244575.500.750.jpg?c=2
earthbath® Hypo-Allergenic Fragrance Free Cat Shampoo Made in USA 16 oz,16.99,https://www.cherrybrook.com/earthbath-hypo-allergenic-fragrance-free-cat-shampoo-made-in-usa-16-oz/,https://cdn11.bigcommerce.com/s-9usi8/products/14993/images/17058/03-EB13-01__22284.1619725090.500.750.jpg?c=2
SmartCat Corner Litter Box,17.69,https://www.cherrybrook.com/smartcat-corner-litter-box/,https://cdn11.bigcommerce.com/s-9usi8/products/5007/images/4213/42-039__98439.1447462223.500.750.jpg?c=2
Nutri-Cal for Cats,12.99,https://www.cherrybrook.com/nutri-cal-for-cats/,https://cdn11.bigcommerce.com/s-9usi8/products/4692/images/3901/05-233-C__34809.1447461616.500.750.jpg?c=2
TropiClean Fresh Breath No Brushing Clean Teeth Dental & Oral Care Gel for Cats,11.99,https://www.cherrybrook.com/tropiclean-fresh-breath-no-brushing-clean-teeth-dental-oral-care-gel-for-cats/,https://cdn11.bigcommerce.com/s-9usi8/products/9424/images/16329/05-TC03-01__55013.1605122124.500.750.jpg?c=2
Tapa Chicken and Cheese Cat Food Topper Case of 8 Pouches,11.99,https://www.cherrybrook.com/tapa-chicken-and-cheese-cat-food-topper-case-of-8-pouches/,https://cdn11.bigcommerce.com/s-9usi8/products/7679/images/7252/56-TA06__01042.1460662706.500.750.jpg?c=2
Vets Best Flea and Tick Home and Go Spray 6.3oz,10.99,https://www.cherrybrook.com/vets-best-flea-and-tick-home-and-go-spray-6-3oz/,https://cdn11.bigcommerce.com/s-9usi8/products/9247/images/10039/07-VB04-63__24300.1513884642.500.750.jpg?c=2
Steve's Real Food Lamb Protein Bites Freeze Dried Treats - 4oz,10.64,https://www.cherrybrook.com/steves-real-food-lamb-protein-bites-freeze-dried-treats-4oz/,https://cdn11.bigcommerce.com/s-9usi8/products/16008/images/19734/25-SRF01-04-B__13580.1684238771.500.750.jpg?c=2
Steve's Real Food Chicken Protein Bites Freeze Dried Treats - 4oz,8.55,https://www.cherrybrook.com/steves-real-food-chicken-protein-bites-freeze-dried-treats-4oz/,https://cdn11.bigcommerce.com/s-9usi8/products/16007/images/19731/25-SRF02-04-B__70783.1684181711.500.750.jpg?c=2
Dental Fresh for Cats 8oz Bottle,7.99,https://www.cherrybrook.com/dental-fresh-for-cats-8oz-bottle/,https://cdn11.bigcommerce.com/s-9usi8/products/4647/images/7420/05-183__97357.1465331196.500.750.jpg?c=2
Midwest Cat Playpen,244.99,https://www.cherrybrook.com/midwest-cat-playpen/,https://cdn11.bigcommerce.com/s-9usi8/products/10663/images/11751/15-821-1__21805.1525796261.500.750.jpg?c=2
Fussie Cat Premium Tuna With Anchovies in Aspic Wet Cat Food,45.14,https://www.cherrybrook.com/fussie-cat-premium-tuna-with-anchovies-in-aspic-wet-cat-food/,https://cdn11.bigcommerce.com/s-9usi8/product_images/attribute_rule_images/652940_source_1614544743.jpg?vid=variantid_77729
Fussie Cat Premium Tuna With Prawns in Aspic 2.82oz CASE,45.14,https://www.cherrybrook.com/fussie-cat-premium-tuna-with-prawns-in-aspic-2-82oz-case/,https://cdn11.bigcommerce.com/s-9usi8/products/10475/images/11487/56-881-CCS__17138.1523561712.500.750.jpg?c=2
Fussie Cat Premium Tuna With Clams in Aspic 2.82oz CASE,45.14,https://www.cherrybrook.com/fussie-cat-premium-tuna-with-clams-in-aspic-2-82oz-case/,https://cdn11.bigcommerce.com/s-9usi8/products/10477/images/11486/56-883-CCS__06315.1523562030.500.750.jpg?c=2
SOOS Tearless Puppy & Kitten Shampoo,15.95,https://www.cherrybrook.com/soos-tearless-puppy-kitten-shampoo/,https://cdn11.bigcommerce.com/s-9usi8/product_images/attribute_rule_images/600403_source_1563651249.jpg?vid=variantid_68368
Aaronco Aluminum Honeycomb with Handle - Shorthair Comb 826,36.99,https://www.cherrybrook.com/aaronco-aluminum-honeycomb-with-handle-shorthair-comb-826/,https://cdn11.bigcommerce.com/s-9usi8/products/12724/images/14376/14-118-826__30279.1567179566.500.750.jpg?c=2
Natures Miracle Just For Cats Stain and Odor Remover,11.99,https://www.cherrybrook.com/natures-miracle-just-for-cats-stain-and-odor-remover/,https://cdn11.bigcommerce.com/s-9usi8/product_images/attribute_rule_images/623267_source_1563909699.jpg?vid=variantid_70371
Midwest Curious Cat Cube,52.99,https://www.cherrybrook.com/midwest-curious-cat-cube/,https://cdn11.bigcommerce.com/s-9usi8/products/4957/images/4164/41-221-01__05857.1447462140.500.750.jpg?c=2
Peek-A-Prize Toy Box for Cats,31.49,https://www.cherrybrook.com/peek-a-prize-toy-box-for-cats/,https://cdn11.bigcommerce.com/s-9usi8/products/4987/images/4193/41-111__33349.1447462190.500.750.jpg?c=2
SOOS Hypoallergenic Waterless Bath Mousse 160ml,19.95,https://www.cherrybrook.com/soos-hypoallergenic-waterless-bath-mousse-160ml/,https://cdn11.bigcommerce.com/s-9usi8/products/12960/images/14634/03-S08-01__47926.1576251429.500.750.jpg?c=2
Tomlyn L-Lysine Chews - 30 Count,17.99,https://www.cherrybrook.com/tomlyn-l-lysine-chews-30-count-1/,https://cdn11.bigcommerce.com/s-9usi8/products/7485/images/6959/05-319-03__95634.1456245478.500.750.jpg?c=2
Safari Cat Self Cleaning Slicker Brush,16.99,https://www.cherrybrook.com/safari-cat-self-cleaning-slicker-brush/,https://cdn11.bigcommerce.com/s-9usi8/products/5067/images/4261/37-107-2__84938.1447462324.500.750.jpg?c=2
Vets Best Flea and Tick Gentle Mist Spray for Cats 6.3oz,15.99,https://www.cherrybrook.com/vets-best-flea-and-tick-gentle-mist-spray-for-cats-6-3oz/,https://cdn11.bigcommerce.com/s-9usi8/products/9252/images/10044/07-VB09-C63__65961.1513884643.500.750.jpg?c=2
