Image,Title,URL,Price
https://image.chewy.com/is/image/catalog/102212_MAIN._AC_SS120_V1697828936_.jpg,"Good 'n' Fun Triple Flavor Kabobs Chicken, Duck & Chicken Liver Dog Chews, 18 count",https://www.chewy.com/good-n-fun-triple-flavor-kabobs/dp/129720,$9.98 
https://image.chewy.com/is/image/catalog/50845_MAIN._AC_SS120_V1571781176_.jpg,"Fruitables Pumpkin & Blueberry Flavor Dog Treats, 7-oz bag",https://www.chewy.com/fruitables-pumpkin-blueberry-flavor/dp/35994,$5.49 
https://image.chewy.com/is/image/catalog/125861_MAIN._AC_SS120_V1510676298_.jpg,"American Journey Peanut Butter Recipe Grain-Free Oven Baked Crunchy Biscuit Dog Treats, 8-oz ba...",https://www.chewy.com/american-journey-peanut-butter-recipe/dp/152972,$4.19 
https://image.chewy.com/is/image/catalog/320529_MAIN._AC_SS120_V1628287878_.jpg,"Pup-Peroni Original Beef Flavor Dog Treats, 22.5-oz bag",https://www.chewy.com/pup-peroni-original-beef-flavor-dog/dp/127462,$9.80 
https://image.chewy.com/is/image/catalog/272251_MAIN._AC_SS120_V1612832173_.jpg,"Busy Bone , Long-Lasting Peanut Butter Flavor Small/Medium Dog Treats, 6 count pouch",https://www.chewy.com/busy-bone-long-lasting-peanut-butter/dp/298671,$9.79 
https://image.chewy.com/is/image/catalog/49395_MAIN._AC_SS120_V1690484496_.jpg,"Zuke's Mini Naturals Chicken Recipe Training Dog Treats, 1-lb bag",https://chewy.ms.tagdelivery.com/click?id=886c1299-560d-4991-b312-a359ca66fa54&x=SFBVGjB-ktfpsWoDfxrUra0I1p1kwL1saxwsZGemyjlIfo-xIfcsIvqEc_cZ5EqU4dhDTLdCNzuMaO0daTtcg0IP_QpywPeQeENggFCdOd6uhUlkZoboaQoDusBcvfhaH5yZD0xa3QWlnZTbTnMGz1jmMvAb8cuc-gjIWfXLFXzB6agKMr4E6kGPpotfvvRiZtNKqucLNn58I_3539BsUhkoQzuNC4DxCc3raSiFwKeDLXk5rQMVQCnqLK41isoh93CfB1NomSZDa3FetYhyu8sRqcUzI6jYVv2UjQfr8l2-fIhRjcvWU6F_GCPmciMW_CCKSW-QjSZeKxKI9-S0e4n1bdD7OSEM8cUovN1Fbx5tyxl73BAl_UWLCsxeCm2Qv1yNm0i8L_ihy5BKWXWRUn_p2N9HxfSMi14f0tARjVliKMqjrHGoRn5111zyQxj4_VH3bQ1eNJtDpl3jeQZ76mNAB92zKdNtuOYOIRUDTCmM-sOkpD-QExmKn_W8k_h9QY0Seh_6-cP7EtHshSi4aPkoe-fbkEjX4jXoWcb9_i5euCbQQY4ZjKMhK9fb_1nY1C1yBRXfKrBtz8tj-1rkLcyUkOWuSuS7wKvWXP1jj6dCwbjIuCmYS6S6rhGrGTLa&pos=12&redirect=https://www.chewy.com/zukes-mini-naturals-chicken-recipe/dp/34577?adId=886c1299-560d-4991-b312-a359ca66fa54&adPayload=SFBVGjB-ktfpsWoDfxrUra0I1p1kwL1saxwsZGemyjlIfo-xIfcsIvqEc_cZ5EqU4dhDTLdCNzuMaO0daTtcg0IP_QpywPeQeENggFCdOd6uhUlkZoboaQoDusBcvfhaH5yZD0xa3QWlnZTbTnMGz1jmMvAb8cuc-gjIWfXLFXzB6agKMr4E6kGPpotfvvRiZtNKqucLNn58I_3539BsUhkoQzuNC4DxCc3raSiFwKeDLXk5rQMVQCnqLK41isoh93CfB1NomSZDa3FetYhyu8sRqcUzI6jYVv2UjQfr8l2-fIhRjcvWU6F_GCPmciMW_CCKSW-QjSZeKxKI9-S0e4n1bdD7OSEM8cUovN1Fbx5tyxl73BAl_UWLCsxeCm2Qv1yNm0i8L_ihy5BKWXWRUn_p2N9HxfSMi14f0tARjVliKMqjrHGoRn5111zyQxj4_VH3bQ1eNJtDpl3jeQZ76mNAB92zKdNtuOYOIRUDTCmM-sOkpD-QExmKn_W8k_h9QY0Seh_6-cP7EtHshSi4aPkoe-fbkEjX4jXoWcb9_i5euCbQQY4ZjKMhK9fb_1nY1C1yBRXfKrBtz8tj-1rkLcyUkOWuSuS7wKvWXP1jj6dCwbjIuCmYS6S6rhGrGTLa,$16.98 
https://image.chewy.com/is/image/catalog/306715_MAIN._AC_SS120_V1628545934_.jpg,"Good 'n' Fun Triple Flavor Ribs Dog Treats, 8.4-oz bag",https://chewy.ms.tagdelivery.com/click?id=e72fb2a5-0e50-440e-88f6-cb2fca340277&x=JXM9he3AaAKoRjlzVNYGq311o7SCaE55CGLFZD_jj4F_0dcGzGZIwXVUzEJxuX3mnTJllCkWHlK-yup6T4DIZRCZpWt-sPfryJsd3Es5lQfGrPxfj7ZByRzaRoXE4iH5y2bQlaD2nYUMlurG8dJ7RcAYQWkayhkdz7o8dyK4N8_GwtSLr-VZHwDixdbpCKmjTnfMr2aLabGDoRYVSqslsQGFONedaBS09WMpuHYKftQMNbvtRdeUYGVo4_Oc9rJlao340phOf2XOZFLnQxx4qIhnBt4A3CU6L7wuMoZ0mTowP4i8Us0gTT1odqVEZBlWLGr6G6Y-xJODKzHlfsZhBzi7wKBQ7IePTBU4VJ0hqWO7RRhZNAq0aFGMaRIAISzkfXC1czYYxqsAh2EV2yNjxQ9yrVGAgtUn0PkyJh3Qj-mADM8eQQsgcg5GJcTTM-7tRkzI_GcXIZa1bH1dxqknQCZzbxYsFzczV_dZrbtpyj1B3dr5S6jzbv5lVl4hY1Ga6oQZNGX4_g73w1-rVk4GuclWNW_T-NwbBUhCjaqvazyb2UwYIPRApqh7z9z_CET_tirPrf7Tmqe9vQYFRgKXVLfB_qw9oy-Xv7q6UcRakky7eyY4hK4OJhglM_ubkOJj&pos=13&redirect=https://www.chewy.com/good-n-fun-triple-flavor-ribs-dog/dp/333035?adId=e72fb2a5-0e50-440e-88f6-cb2fca340277&adPayload=JXM9he3AaAKoRjlzVNYGq311o7SCaE55CGLFZD_jj4F_0dcGzGZIwXVUzEJxuX3mnTJllCkWHlK-yup6T4DIZRCZpWt-sPfryJsd3Es5lQfGrPxfj7ZByRzaRoXE4iH5y2bQlaD2nYUMlurG8dJ7RcAYQWkayhkdz7o8dyK4N8_GwtSLr-VZHwDixdbpCKmjTnfMr2aLabGDoRYVSqslsQGFONedaBS09WMpuHYKftQMNbvtRdeUYGVo4_Oc9rJlao340phOf2XOZFLnQxx4qIhnBt4A3CU6L7wuMoZ0mTowP4i8Us0gTT1odqVEZBlWLGr6G6Y-xJODKzHlfsZhBzi7wKBQ7IePTBU4VJ0hqWO7RRhZNAq0aFGMaRIAISzkfXC1czYYxqsAh2EV2yNjxQ9yrVGAgtUn0PkyJh3Qj-mADM8eQQsgcg5GJcTTM-7tRkzI_GcXIZa1bH1dxqknQCZzbxYsFzczV_dZrbtpyj1B3dr5S6jzbv5lVl4hY1Ga6oQZNGX4_g73w1-rVk4GuclWNW_T-NwbBUhCjaqvazyb2UwYIPRApqh7z9z_CET_tirPrf7Tmqe9vQYFRgKXVLfB_qw9oy-Xv7q6UcRakky7eyY4hK4OJhglM_ubkOJj,$10.49 
https://image.chewy.com/is/image/catalog/126037_MAIN._AC_SS120_V1695742801_.jpg,"Beggin' Purina Beggin' Strips Real Meat with Bacon & Peanut Butter Flavored Dog Treats, 40-oz pouch",https://chewy.ms.tagdelivery.com/click?id=4f8894ac-ea9e-4111-b48e-48250792483d&x=1fQAEKWNmZFpTHUDGytN-C1hKu0N7puQzVxyHdwEeuHDzISsxjgF5NmmVPFc4OfQfbpylIRY_ztYoWKCqGDGhgbA4IgxvfcKrQh2MD9vxxZtHDugRRRagJiw5qEfOGl5sti3_161kMIUCDhT7M963ZeYRpYmWG05dxEmMiqiLVsAtI9WaGT1LCpY7Hvdkqzl7gA2dzMX0fkZHMrE6tJCYyK5YPBSFKhzgGcJ90yzMBh6NO84YfclOD1aDMKm4-SxxOgNs1e6lCg5EMKjJyGpCoJDk2PKjQiFlAedvBErGs9s9d0yahvi7qbuo2s_y2ZQ9uRTLosCGAQuBPXfkf9uqh_SbxqIEmbWbZK5XkbRttbC84ZWLoEb7tQAZZvbzqVJ7oU9ubHH8PbZEPG9umuf3fThouM30aki_4AXobQ4w8PYs72oeigjNFLvjw-jRS7S8nb2OVe2IXWDFyalXUGzLDpSz9mA2itI56l3Bt6aaRmRhqRISDZsDCnG9Myl8TFVEfgrhARyDcVai3D6K7sazCbQKGQVuqGf93y6xUeYWNA5wM8G9YWZDp1HlQN6hUW1hwVYemkK75ySZMjF5dtzFM2ywTxKzP5SLwuj8S79NO1CQ6F9vnRXCE6RPnHU6LQ6&pos=14&redirect=https://www.chewy.com/purina-beggin-strips-real-meat-bacon/dp/153144?adId=4f8894ac-ea9e-4111-b48e-48250792483d&adPayload=1fQAEKWNmZFpTHUDGytN-C1hKu0N7puQzVxyHdwEeuHDzISsxjgF5NmmVPFc4OfQfbpylIRY_ztYoWKCqGDGhgbA4IgxvfcKrQh2MD9vxxZtHDugRRRagJiw5qEfOGl5sti3_161kMIUCDhT7M963ZeYRpYmWG05dxEmMiqiLVsAtI9WaGT1LCpY7Hvdkqzl7gA2dzMX0fkZHMrE6tJCYyK5YPBSFKhzgGcJ90yzMBh6NO84YfclOD1aDMKm4-SxxOgNs1e6lCg5EMKjJyGpCoJDk2PKjQiFlAedvBErGs9s9d0yahvi7qbuo2s_y2ZQ9uRTLosCGAQuBPXfkf9uqh_SbxqIEmbWbZK5XkbRttbC84ZWLoEb7tQAZZvbzqVJ7oU9ubHH8PbZEPG9umuf3fThouM30aki_4AXobQ4w8PYs72oeigjNFLvjw-jRS7S8nb2OVe2IXWDFyalXUGzLDpSz9mA2itI56l3Bt6aaRmRhqRISDZsDCnG9Myl8TFVEfgrhARyDcVai3D6K7sazCbQKGQVuqGf93y6xUeYWNA5wM8G9YWZDp1HlQN6hUW1hwVYemkK75ySZMjF5dtzFM2ywTxKzP5SLwuj8S79NO1CQ6F9vnRXCE6RPnHU6LQ6,$16.88 
https://image.chewy.com/is/image/catalog/184933_MAIN._AC_SS120_V1695677412_.jpg,"Beggin' Strips Real Meat with Bacon & Beef Flavored Dog Treats, 48-oz pouch",https://chewy.ms.tagdelivery.com/click?id=21c40769-5a46-473e-8db4-ad1a48bcb88b&x=8M9blzcUDNpqSMF40GoDEB8wHoIgs_CszcxFioiOTu5AFkGegAvTkuTgkKjJvDqZYKhwydX5JygXh4sJwikiD_u9N-HiMHBdrib_M6gD3X6IndXxnSuDgk5e5dS-B477wSnvtusT2N1ej1dCZ7uCNCuwlm7XQ1fENUH8CBnoxK_ZoNR05ZXPqPHRHQhtc0jnZRtp9dypCaqfx0xtVs6XjGyaFSGKA3H65OP1mtkSi4hiKij06zhFDMNV_QmJHvdZRRVC_qF9dF9EVWnS6VEeG0-t84qEPoHR7_XRbALGURpHUthwebtwk_8SYp-EZ8TdgcgEj6MOv7-v2IObk6J_Lbc_2gHY53QC4TCeuPN1Om1oY0Ma2l96he46rSxLr-MnBpD37zdl19yQhOI0aBw1GoGJNWKffL-Xqf4azbklkbrwtlb08LokYgKYjTOo1ri9iWbk-29AFAjQ5Dbne8lIw0vVqXc4Gnlb3grvZk3AzBFxubjaL3creZCxY88ge9P-4Facwj-vtCc8E2LYLdZECuzolxqkS_fBymEw_kcY87JdhqERhBNTARZOdsg0AxrWSlkZGDajDJsAohtA9QUgjWev7EbvpDMLIhSU20YkHFn3t5_J0hazFTOLDyV-T1Jr&pos=15&redirect=https://www.chewy.com/beggin-strips-real-meat-bacon-beef/dp/211591?adId=21c40769-5a46-473e-8db4-ad1a48bcb88b&adPayload=8M9blzcUDNpqSMF40GoDEB8wHoIgs_CszcxFioiOTu5AFkGegAvTkuTgkKjJvDqZYKhwydX5JygXh4sJwikiD_u9N-HiMHBdrib_M6gD3X6IndXxnSuDgk5e5dS-B477wSnvtusT2N1ej1dCZ7uCNCuwlm7XQ1fENUH8CBnoxK_ZoNR05ZXPqPHRHQhtc0jnZRtp9dypCaqfx0xtVs6XjGyaFSGKA3H65OP1mtkSi4hiKij06zhFDMNV_QmJHvdZRRVC_qF9dF9EVWnS6VEeG0-t84qEPoHR7_XRbALGURpHUthwebtwk_8SYp-EZ8TdgcgEj6MOv7-v2IObk6J_Lbc_2gHY53QC4TCeuPN1Om1oY0Ma2l96he46rSxLr-MnBpD37zdl19yQhOI0aBw1GoGJNWKffL-Xqf4azbklkbrwtlb08LokYgKYjTOo1ri9iWbk-29AFAjQ5Dbne8lIw0vVqXc4Gnlb3grvZk3AzBFxubjaL3creZCxY88ge9P-4Facwj-vtCc8E2LYLdZECuzolxqkS_fBymEw_kcY87JdhqERhBNTARZOdsg0AxrWSlkZGDajDJsAohtA9QUgjWev7EbvpDMLIhSU20YkHFn3t5_J0hazFTOLDyV-T1Jr,$20.99 
https://image.chewy.com/is/image/catalog/84989_MAIN._AC_SS120_V1694183121_.jpg,"Blue Buffalo Health Bars Baked with Apples & Yogurt Dog Treats, 16-oz bag",https://www.chewy.com/blue-buffalo-health-bars-baked-apples/dp/28834,$4.98 
https://image.chewy.com/is/image/catalog/99863_MAIN._AC_SS120_V1627422000_.jpg,"Milk-Bone MaroSnacks Real Bone Marrow Dog Treats, 40-oz tub",https://www.chewy.com/milk-bone-marosnacks-real-bone-marrow/dp/127403,$11.48 
https://image.chewy.com/is/image/catalog/178169_MAIN._AC_SS120_V1697809959_.jpg,"Healthfuls Sweet Potato Slices Dog Treats, 16-oz bag",https://www.chewy.com/healthfuls-sweet-potato-slices-dog/dp/204847,$8.09 
https://image.chewy.com/is/image/catalog/100018_MAIN._AC_SS120_V1510778287_.jpg,"Milo's Kitchen Chicken Meatballs Dog Treats, 18-oz bag",https://www.chewy.com/milos-kitchen-chicken-meatballs-dog/dp/127555,$12.99 
https://image.chewy.com/is/image/catalog/172685_MAIN._AC_SS120_V1556914956_.jpg,"DreamBone Spirals Variety Pack Chews Dog Treats, 18 count",https://www.chewy.com/dreambone-spirals-variety-pack-chews/dp/199381,$8.66 
https://image.chewy.com/is/image/catalog/227892_MAIN._AC_SS120_V1584977547_.jpg,"Three Dog Bakery Soft Baked Assort-Mutt Trio with Oats & Apple Flavor, Peanut Butter, & Vanilla...",https://www.chewy.com/three-dog-bakery-soft-baked-assort/dp/153100,$7.99 
https://image.chewy.com/is/image/catalog/92513_MAIN._AC_SS120_V1682113462_.jpg,"Newman's Own Beef Jerky Original Recipe Dog Treats, 5-oz bag",https://www.chewy.com/newmans-own-beef-jerky-original/dp/120145,$5.49 
https://image.chewy.com/is/image/catalog/320535_MAIN._AC_SS120_V1628291504_.jpg,"Canine Carry Outs Steak Bites Beef Flavor Dog Treats, 4.5-oz bag",https://www.chewy.com/canine-carry-outs-steak-bites-beef/dp/160973,$1.24 
https://image.chewy.com/is/image/catalog/47975_MAIN._AC_SS120_V1668732377_.jpg,"Milk-Bone Flavor Snacks Biscuit Small Dog Treats, 7-lb box",https://www.chewy.com/milk-bone-flavor-snacks-biscuit-small/dp/29415,$14.98 
https://image.chewy.com/is/image/catalog/367849_MAIN._AC_SS120_V1659027205_.jpg,"True Acre Foods Stuffed Bites with Real Bone Marrow, 20-oz bag",https://www.chewy.com/true-acre-foods-stuffed-bites-real/dp/394063,$5.29 
https://image.chewy.com/is/image/catalog/153939_MAIN._AC_SS120_V1621304837_.jpg,"Busy Bone with Beggin' Twist'd! Long-Lasting Cheddar & Hickory Smoke Small/Medium Dog Treats, 1...",https://www.chewy.com/busy-bone-beggin-twistd-long-lasting/dp/180709,$10.38 
https://image.chewy.com/is/image/catalog/104893_MAIN._AC_SS120_V1620086823_.jpg,"Full Moon Chicken Jerky Human-Grade Dog Treats, 12-oz bag",https://www.chewy.com/full-moon-chicken-jerky-human-grade/dp/132368,$13.98 
https://image.chewy.com/is/image/catalog/933302_MAIN._AC_SS120_V1696346935_.jpg,Bundle: Newman's Own Snack Sticks Chicken + Chicken & Sweet Potato Recipe Dog Treats,https://www.chewy.com/newmans-own-snack-sticks-chicken/dp/932758,$7.08 
https://image.chewy.com/is/image/catalog/61932_MAIN._AC_SS120_V1691418385_.jpg,"Nutro Crunchy with Real Mixed Berries Dog Treats, 16-oz bag",https://www.chewy.com/nutro-crunchy-real-mixed-berries-dog/dp/46902,$10.99 
https://image.chewy.com/is/image/catalog/86899_MAIN._AC_SS120_V1512484677_.jpg,"Bones & Chews Made in USA Roasted Marrow Bone 6"" Dog Treat",https://www.chewy.com/bones-chews-made-in-usa-roasted/dp/114673,$6.38 
https://image.chewy.com/is/image/catalog/182290_MAIN._AC_SS120_V1697828519_.jpg,"DreamBone Twist Sticks Chicken Chew Dog Treats, 50 count",https://www.chewy.com/dreambone-twist-sticks-chicken-chew/dp/208958,$9.97 
https://image.chewy.com/is/image/catalog/83147_MAIN._AC_SS120_V1601541060_.jpg,"Hill's Natural Soft Savories with Peanut Butter & Banana Dog Treats, 8-oz bag",https://www.chewy.com/hills-natural-soft-savories-peanut/dp/110956,$7.49 
https://image.chewy.com/is/image/catalog/153834_MAIN._AC_SS120_V1627423426_.jpg,"Beggin' Purina Beggin' Strips Original with Bacon Flavored Dog Treats, 48-oz bag",https://www.chewy.com/purina-beggin-strips-original-bacon/dp/119691,$20.58 
https://image.chewy.com/is/image/catalog/99327_MAIN._AC_SS120_V1593030375_.jpg,"Three Dog Bakery Lick 'N Crunch Variety Pack Dog Treats, 26-oz box",https://www.chewy.com/three-dog-bakery-lick-n-crunch/dp/126876,$8.98 
https://image.chewy.com/is/image/catalog/916382_MAIN._AC_SS120_V1689881230_.jpg,Bundle: Milk-Bone MaroSnacksReal Bone Marrow + Beef & Filet Mignon Recipe Dog Treats,https://www.chewy.com/milk-bone-marosnacksreal-bone-marrow/dp/915902,$22.93 
https://image.chewy.com/is/image/catalog/334510_MAIN._AC_SS120_V1635403283_.jpg,"Rachael Ray Nutrish Soup Bones Beef & Barley Flavor Chews Dog Treats, 23.1-oz bag, bundle of 2",https://www.chewy.com/rachael-ray-nutrish-soup-bones-beef/dp/40466,$21.98 
https://image.chewy.com/is/image/catalog/100061_MAIN._AC_SS120_V1510778308_.jpg,"Milo's Kitchen Steak Grillers Recipe with Angus Steak Dog Treats, 18-oz bag",https://www.chewy.com/milos-kitchen-steak-grillers-recipe/dp/127598,$12.98 
https://image.chewy.com/is/image/catalog/49410_MAIN._AC_SS120_V1690484491_.jpg,"Zuke's Mini Naturals Peanut Butter & Oats Recipe Training Dog Treats, 1-lb bag",https://www.chewy.com/zukes-mini-naturals-peanut-butter/dp/30294,$16.98 
