TITLE,url,imagE,price
Walgreens Acne Cleansing Bar  - 4 oz,www.walgreens.com,https://pics.walgreens.com/prodimg/592244/450.jpg,22.490000000000002
No7 No7 Advanced Ingredients Squalane Facial Capsules  - 30.0ea x 1,www.walgreens.com,https://pics.walgreens.com/prodimg/635721/450.jpg,35.99
Vaseline Body Lotion Cocoa Radiant  - 10 fl oz,www.walgreens.com,https://pics.walgreens.com/prodimg/154049/450.jpg,25.990000000000002
Aquaphor Advanced Therapy Healing Ointment Fragrance Free  - 1.75 oz,www.walgreens.com,,27.29
"La Roche-Posay Toleriane Purifying Foaming Face Cleanser for Normal, Oily and Sensitive Skin  - 13.52 fl oz",www.walgreens.com,,36.989999999999995
Vanicream Gentle Facial Cleanser for Sensitive Skin  - 8 fl oz,www.walgreens.com,,31.990000000000002
La Roche-Posay Toleriane Face Wash for Sensitive Skin Oil-free  - 13.5 fl oz,www.walgreens.com,,36.989999999999995
No7 No7 Protect & Perfect Intense Advanced Skincare System  - 1.0set x 1,www.walgreens.com,,89.99
CeraVe Salicylic Acid Body Lotion for Rough and Bumpy Skin with Hyaluronic Acid Fragrance Free  - 8 fl oz,www.walgreens.com,,39.989999999999995
"La Roche-Posay Face Moisturizer UV, Toleriane Double Repair Oil-Free Face Cream with SPF 30  - 3.38 fl oz",www.walgreens.com,,41.989999999999995
Gold Bond Age Renew Neck & Chest Skin Firming Age Renew Cream Fragrance Free  - 2 oz,www.walgreens.com,,33.99
La Roche-Posay Toleriane Double Repair Face Moisturizer  - 2.5 fl oz,www.walgreens.com,,41.989999999999995
Nivea Body Lotion Cocoa Butter  - 16.9 fl oz,www.walgreens.com,,30.990000000000002
"CeraVe Renewing SA Cleanser, Fragrance Free  - 16 fl oz",www.walgreens.com,,39.989999999999995
No7 Restore & Renew Face & Neck Mulit Action Fragrance Free Day Cream SPF 30 Fragrance Free  - 1.69 oz,www.walgreens.com,,54.99
CeraVe Renewing SA Body Cleanser Fragrance Free Body Wash  - 8 fl oz,www.walgreens.com,,35.99
CeraVe Travel Size Foaming Face Cleanser for Normal to Oily Skin with Hyaluronic Acid  - 3 fl oz,www.walgreens.com,,26.29
CeraVe AM Face Moisturizer SPF 30 Oil-Free Cream with Sunscreen  - 2 fl oz,www.walgreens.com,,36.989999999999995
Neutrogena Makeup Remover Wipes & Facial Cleansing Towelettes  - 25 ea,www.walgreens.com,,27.990000000000002
O'Keeffe's Working Hands Hand Cream  - 2.7 oz,www.walgreens.com,,27.990000000000002
CeraVe Face and Body Moisturizing Cream for Normal to Dry Skin with Hyaluronic Acid  - 8 fl oz,www.walgreens.com,,34.49
Aveeno Eczema Therapy Nighttime Itch Relief Balm Fragrance-Free  - 11 oz,www.walgreens.com,,44.989999999999995
Neutrogena Alcohol-Free Facial Toner  - 8.5 fl oz,www.walgreens.com,,30.990000000000002
Aquaphor Healing Ointment  - 0.35 oz x 2 pack,www.walgreens.com,,26.490000000000002
"Vaseline Men Extra Strength 3-in-1 Face, Hands & Body Lotion Extra Strength  - 10 fl oz",www.walgreens.com,,25.990000000000002
Neutrogena Rapid Wrinkle Repair Retinol Eye Cream  - 0.5 fl oz,www.walgreens.com,,54.99
Aveeno Daily Moisturizing Lotion with Oat for Dry Skin Fragrance Free  - 8 oz,www.walgreens.com,https://pics.walgreens.com/prodimg/53934/450.jpg,29.990000000000002
Nivea Oil Infused Body Lotion Cherry Blossom  - 16.9 fl oz,www.walgreens.com,https://pics.walgreens.com/prodimg/602617/450.jpg,30.990000000000002
Olay Anti-Wrinkle Day Face Lotion with Sunscreen SPF 15  - 3.4 fl oz,www.walgreens.com,https://pics.walgreens.com/prodimg/163583/450.jpg,37.989999999999995
CeraVe Healing Ointment to Protect and Soothe Dry Skin  - 12 oz,www.walgreens.com,https://pics.walgreens.com/prodimg/617994/450.jpg,39.989999999999995
SkinActive Micellar Cleansing Water For Waterproof & Long-Wear Makeup  - 13.5 fl oz,www.walgreens.com,,31.990000000000002
RoC Retinol Correxion Line Smoothing Eye Cream  - 0.5 fl oz,www.walgreens.com,,49.989999999999995
CeraVe Healing Ointment  - 1.89 OZ,www.walgreens.com,,28.990000000000002
La Roche-Posay Lipikar AP+ Body & Face Wash  - 13.52 Fl Oz,www.walgreens.com,,36.989999999999995
CeraVe Acne Control Gel  - 1.35 fl oz,www.walgreens.com,,39.989999999999995
No7 Restore & Renew Fragrance Free Night Cream  - 1.69 fl oz,www.walgreens.com,,54.99
No7 Protect & Perfect Intense Advanced Fragrance Free Day Cream SPF 30  - 1.69 oz,www.walgreens.com,,49.989999999999995
Neutrogena Stubborn Acne Hydrocolloid Blemish Patches  - 24 ea,www.walgreens.com,,29.490000000000002
Olay Regenerist Retinol 24 + Peptide Night Face Moisturizer Fragrance-Free  - 1.7 OZ,www.walgreens.com,,61.99
BIODERMA Sensibio H2O Micellar Cleansing Water-Makeup Remover for Sensitive Skin  - 16.7 fl oz,www.walgreens.com,,38.989999999999995
L'Oreal Paris Revitalift Derm Intensives Hyaluronic Acid Face Serum  - 1 fl oz,www.walgreens.com,,54.99
Cococare 100% Cocoa Butter Stick  - 1 oz,www.walgreens.com,,22.79
CeraVe Ultra-Light Face Lotion SPF 30 Moisturizer with Sunscreen  - 1.7 fl oz,www.walgreens.com,,39.989999999999995
Olay Regenerist Night Recovery Cream Face Moisturizer Fragrance-Free  - 1.7 OZ,www.walgreens.com,,59.99
Albolene Moisturizing Cleanser -Makeup Remover-Facial and Moisturizer Fragrance Free  - 12 oz,www.walgreens.com,,32.99
"CeraVe Hydrating Micellar Water, Ultra Gentle Facial Cleanser & Eye Makeup Remover  - 10 fl oz",www.walgreens.com,,34.49
Botanics Organic Facial Oil  - 0.84 fl oz,www.walgreens.com,,45.989999999999995
SkinActive Micellar Cleansing Water & Makeup Remover with Rose Water  - 13.5 fl oz,www.walgreens.com,,31.990000000000002
Eucerin Q10 Anti-Wrinkle Face Creme  - 1.7 oz,www.walgreens.com,,32.49
CeraVe Hydrating Facial Cleanser  - 8 fl oz,www.walgreens.com,,36.989999999999995
Pond's Face Cream Dry Skin Classic  - 10.1 oz,www.walgreens.com,,31.990000000000002
Aquaphor Lip Repair Fragrance Free  - 0.35 fl oz,www.walgreens.com,,26.990000000000002
"Gold Bond Medicated Extra Strength Body Lotion, With Menthol  - 14 oz",www.walgreens.com,,32.49
Cetaphil Redness Relieving Night Moisturizer  - 1.7 fl oz,www.walgreens.com,,38.989999999999995
Eucerin Intensive Repair Lotion Fragrance Free  - 16.9 fl oz,www.walgreens.com,,34.99
CeraVe Itch Relief Moisturizing Lotion with Pramoxine Hydrochloride for Dry Skin  - 16 oz,www.walgreens.com,,51.989999999999995
Neutrogena Rapid Clear Maximum Strength Acne Treatment Pads  - 60 ea,www.walgreens.com,,30.990000000000002
Olay Total Effects Transforming Eye Cream  - 0.5 OZ,www.walgreens.com,,47.989999999999995
Walgreens Gentle Skin Cleanser  - 16 fl oz,www.walgreens.com,,34.99
